0,-1.21988,-168.9639,-313.6386,-105.7349,-486.3614
0.03333,-1.2132,-171.5852,-315.9236,-107.2419,-488.1186
0.06667,-1.20274,-172.8454,-319.3141,-106.6561,-490.955
0.1,-1.19268,-172.0658,-323.4784,-104.1289,-494.5041
0.13333,-1.18154,-169.5486,-328.6151,-99.76957,-498.7313
0.16667,-1.17223,-165.3152,-334.1798,-93.85611,-503.876
0.2,-1.16171,-159.2996,-340.4687,-85.96349,-509.6251
0.23333,-1.15166,-151.7585,-347.5691,-76.82748,-515.7523
0.26667,-1.14176,-142.9063,-354.7048,-66.18033,-522.4273
0.3,-1.12911,-132.9983,-362.299,-54.0944,-529.1694
0.33333,-1.11938,-121.5857,-370.0825,-41.10057,-536.0972
0.36667,-1.10741,-109.9281,-377.7,-27.3611,-542.9425
0.4,-1.09462,-97.90003,-385.3663,-13.16882,-549.6492
0.43333,-1.08429,-84.96256,-392.8394,1.22525,-555.7917
0.46667,-1.07364,-72.14563,-399.6757,15.6882,-561.5454
0.5,-1.06112,-59.89239,-406.145,29.89009,-566.7762
0.53333,-1.04644,-48.11929,-412.2479,43.80903,-571.1958
0.56667,-1.03642,-36.5049,-417.6505,56.72784,-575.1872
0.6,-1.02536,-26.2991,-421.7206,68.61494,-578.1255
0.63333,-1.0138,-17.29381,-425.2435,79.16569,-580.1295
0.66667,-1.00365,-9.04721,-427.9799,88.60879,-581.2969
0.7,-0.99183,-2.95627,-429.4656,96.2779,-581.2706
0.73333,-0.98061,2.17027,-430.0492,102.8507,-580.3584
0.76667,-0.96872,4.74116,-429.1639,107.457,-578.6356
0.8,-0.9585,6.42469,-427.9119,110.2678,-575.7631
0.83333,-0.94499,5.40741,-425.4487,111.3816,-572.0822
0.86667,-0.93586,3.13292,-421.8888,110.4782,-567.5995
0.9,-0.92281,-1.27709,-417.7011,108.2576,-562.3919
0.93333,-0.9122,-7.04569,-412.8416,104.0276,-556.3749
0.96667,-0.89977,-14.99992,-407.4225,98.16884,-549.9671
1,-0.88924,-24.17511,-401.2966,91.00202,-543.2741
1.03333,-0.87721,-34.6534,-394.961,82.51944,-535.8984
1.06667,-0.86927,-46.14689,-387.7974,72.64847,-528.4
1.1,-0.85925,-58.77324,-380.9493,61.73372,-520.7119
1.13333,-0.84919,-72.12246,-373.9111,50.04465,-512.7522
1.16667,-0.83862,-85.92903,-367.4148,37.95119,-505.2355
1.2,-0.82852,-99.9511,-361.2495,25.12576,-497.6072
1.23333,-0.81796,-113.9062,-355.6593,12.48523,-490.5615
1.26667,-0.8071,-127.7144,-350.5263,0.30299,-484.2243
1.3,-0.79847,-140.5664,-346.1355,-11.70256,-478.4144
1.33333,-0.78636,-153.6148,-342.606,-23.08463,-473.3883
1.36667,-0.77862,-164.7871,-339.6967,-33.31623,-469.3977
1.4,-0.77031,-174.8355,-337.7976,-42.44149,-466.2565
1.43333,-0.75907,-184.1552,-337.2808,-50.55026,-464.0305
1.46667,-0.74994,-191.3829,-337.3995,-56.72726,-462.8294
1.5,-0.74054,-196.7326,-339.1217,-61.48942,-462.7437
1.53333,-0.72984,-201.2754,-341.2341,-64.36056,-463.7219
1.56667,-0.72182,-203.3019,-344.4962,-65.66944,-465.6523
1.6,-0.70809,-204.1695,-349.2327,-64.82652,-468.5409
1.63333,-0.69801,-202.9604,-354.4335,-62.39071,-472.3552
1.66667,-0.68587,-199.8928,-360.6197,-58.00031,-476.7471
1.7,-0.67855,-195.0798,-366.8393,-52.09869,-482.1201
1.73333,-0.66608,-189.0144,-374.4141,-44.3286,-488.1208
1.76667,-0.65566,-181.0867,-381.9867,-35.06702,-494.301
1.8,-0.64477,-171.7977,-390.0195,-24.4187,-500.8471
1.83333,-0.63289,-161.8695,-398.3699,-12.91257,-507.6373
1.86667,-0.62112,-150.5941,-406.9656,-0.50054,-514.3732
1.9,-0.60892,-138.7047,-415.364,13.04577,-521.1807
1.93333,-0.59948,-125.9769,-423.1477,26.78664,-527.5429
1.96667,-0.58868,-112.9958,-430.8421,40.76099,-533.4972
2,-0.57864,-100.0715,-437.984,54.49614,-538.9509
2.03333,-0.56914,-87.38587,-444.1735,68.23749,-543.7346
2.06667,-0.55871,-75.08963,-449.9969,81.05773,-547.6122
2.1,-0.55327,-63.42769,-454.6514,92.659,-551.0532
2.13333,-0.54406,-53.0161,-458.5455,103.6842,-553.3428
2.16667,-0.53391,-43.60704,-461.7319,113.4973,-554.6093
2.2,-0.52599,-35.93675,-463.3761,121.9724,-555.0502
2.23333,-0.51935,-29.02315,-464.0884,129.25,-554.5735
2.26667,-0.51314,-24.06546,-463.7755,134.5306,-553.1422
2.3,-0.50544,-20.94183,-462.3882,138.5128,-550.6293
2.33333,-0.50072,-19.23061,-459.8516,140.4572,-547.2379
2.36667,-0.49452,-19.69866,-456.7419,140.5112,-543.1275
2.4,-0.48875,-22.02129,-452.3792,138.9972,-538.0068
2.43333,-0.48201,-25.89296,-447.5903,135.9728,-532.273
2.46667,-0.4783,-31.30228,-441.7412,131.0551,-525.9156
2.5,-0.47264,-38.6567,-435.7833,124.7477,-519.3299
2.53333,-0.4677,-47.30375,-428.6562,117.1971,-511.7412
2.56667,-0.46488,-57.22185,-421.4996,107.5872,-504.1591
2.6,-0.46028,-68.36109,-414.158,97.43042,-496.3579
2.63333,-0.45642,-80.21828,-406.7975,86.51146,-488.6616
2.66667,-0.45179,-92.84054,-399.6363,74.30939,-480.7479
2.7,-0.45028,-106.0786,-392.5698,61.31044,-473.4856
2.73333,-0.44813,-119.236,-386.0089,48.37771,-466.5898
2.76667,-0.44482,-132.3985,-379.8473,35.15918,-459.7183
2.8,-0.44195,-145.2498,-374.5075,22.44507,-453.854
2.83333,-0.43852,-157.5327,-369.9783,9.80174,-448.4545
2.86667,-0.43667,-169.0587,-366.065,-1.83591,-444.1103
2.9,-0.43428,-179.9853,-363.3364,-12.76049,-440.8977
2.93333,-0.43136,-189.415,-361.4793,-21.719,-438.6637
2.96667,-0.43038,-197.1031,-360.8572,-30.11904,-437.5168
3,-0.42713,-203.9162,-361.3896,-36.5226,-437.5799
3.03333,-0.42643,-208.8861,-362.7344,-41.42923,-438.8105
3.06667,-0.42824,-211.985,-365.0837,-45.47705,-441.0931
3.1,-0.42507,-213.6536,-368.6059,-46.87323,-444.1023
3.13333,-0.42542,-213.5515,-372.9125,-46.60899,-448.5525
3.16667,-0.42443,-211.5891,-378.0554,-44.24172,-453.6785
3.2,-0.42486,-208.0668,-383.595,-40.75692,-459.2878
3.23333,-0.42431,-202.9008,-390.4699,-35.5632,-466.0652
3.26667,-0.42511,-196.1642,-397.3379,-28.43392,-473.2716
3.3,-0.42381,-187.7594,-404.8258,-19.60179,-480.6904
3.33333,-0.42336,-178.1391,-412.5385,-9.96494,-488.3186
3.36667,-0.42373,-167.457,-420.2059,1.05132,-496.2115
3.4,-0.42527,-155.1598,-428.0305,13.11822,-504.2452
3.43333,-0.4241,-143.0381,-435.5802,25.66452,-511.7487
3.46667,-0.42516,-129.9908,-442.8599,38.33821,-519.0747
3.5,-0.42553,-117.0309,-449.7265,51.28945,-526.0134
3.53333,-0.4264,-104.002,-455.7471,64.16787,-532.1428
3.56667,-0.42825,-90.93561,-460.9391,76.93817,-537.574
3.6,-0.42936,-78.59605,-465.5946,88.65172,-542.1679
3.63333,-0.43346,-67.00316,-468.9443,99.62358,-546.0621
3.66667,-0.43524,-56.42546,-471.3368,109.8515,-548.6515
3.7,-0.43731,-46.81,-472.9456,119.0444,-550.4817
3.73333,-0.44229,-38.71059,-473.1065,126.4617,-551.3288
3.76667,-0.4473,-32.25563,-472.2021,132.5568,-551.2671
3.8,-0.45303,-27.19118,-470.3237,136.7418,-550.1257
3.83333,-0.4546,-23.94857,-467.5415,139.8831,-547.6126
3.86667,-0.46102,-22.29172,-463.398,141.2546,-544.6339
3.9,-0.46553,-22.2848,-458.4546,140.8157,-540.3893
3.93333,-0.47366,-24.05821,-452.6965,138.2358,-535.8855
3.96667,-0.47856,-27.84602,-446.2088,134.6171,-530.4915
4,-0.48622,-33.02418,-438.9195,128.7348,-524.4157
4.03333,-0.49167,-39.85564,-430.9805,121.8368,-517.5718
4.06667,-0.49892,-48.4313,-422.483,113.6354,-510.7934
4.1,-0.5053,-58.09863,-414.1639,103.6124,-503.624
4.13333,-0.51289,-68.5038,-405.6534,92.56327,-496.3602
4.16667,-0.52225,-80.14784,-396.6485,80.45627,-489.0855
4.2,-0.53213,-92.28024,-388.2631,67.64104,-482.4219
4.23333,-0.53967,-104.4415,-380.5752,54.39719,-475.7167
4.26667,-0.54976,-117.1366,-372.7815,40.7522,-469.5326
4.3,-0.55763,-129.7784,-365.829,27.25022,-463.7602
4.33333,-0.5666,-141.81,-359.7497,13.9952,-458.8696
4.36667,-0.57619,-153.692,-354.4395,1.03289,-454.9702
4.4,-0.58525,-164.3818,-349.8463,-10.51877,-451.8101
4.43333,-0.59465,-174.04,-346.6122,-21.64963,-449.6752
4.46667,-0.60381,-182.7067,-344.5735,-31.52668,-448.8497
4.5,-0.61162,-190.1426,-343.494,-40.06541,-448.7479
4.53333,-0.62152,-195.7304,-343.699,-47.08325,-450.1607
4.56667,-0.63051,-199.9359,-344.7333,-51.9658,-452.7371
4.6,-0.64233,-202.2943,-346.7231,-55.87634,-456.2683
4.63333,-0.64831,-203.5816,-350.657,-57.88497,-461.0285
4.66667,-0.65781,-202.6866,-354.6267,-57.71476,-466.6326
4.7,-0.66945,-200.2448,-359.3081,-56.2966,-473.224
4.73333,-0.67798,-196.0035,-365.2578,-52.98031,-480.4389
4.76667,-0.68787,-190.063,-371.4341,-47.9667,-488.2033
4.8,-0.69582,-182.7332,-378.5967,-41.4898,-496.5588
4.83333,-0.70605,-173.772,-385.7519,-33.79967,-505.1048
4.86667,-0.7161,-163.624,-393.0539,-24.63831,-513.9991
4.9,-0.72349,-152.6754,-400.6228,-14.41078,-522.7461
4.93333,-0.73539,-140.3584,-407.5098,-3.35183,-531.4566
4.96667,-0.74445,-127.3388,-414.702,8.27411,-539.641
5,-0.75266,-114.2965,-421.3874,20.30435,-547.4513
5.03333,-0.76287,-100.7544,-427.6859,32.17457,-554.7554
5.06667,-0.77333,-87.35088,-432.7921,44.29899,-561.3027
5.1,-0.78394,-74.1454,-437.4142,55.87942,-567.0616
5.13333,-0.79275,-61.77617,-441.4404,66.86708,-571.9896
5.16667,-0.80461,-49.56966,-444.1204,77.12783,-575.7817
5.2,-0.81473,-38.88416,-445.6963,86.35807,-578.5091
5.23333,-0.82757,-28.93739,-446.0403,94.38993,-580.233
5.26667,-0.83688,-21.04897,-445.5794,100.7079,-580.5644
5.3,-0.85046,-13.91645,-443.9418,105.7402,-580.2778
5.33333,-0.85938,-9.09967,-441.3197,109.3289,-578.7089
5.36667,-0.87187,-5.28226,-437.5448,111.1306,-576.0575
5.4,-0.8835,-3.35118,-432.5935,111.6011,-572.6437
5.43333,-0.89455,-3.13853,-426.9566,110.0697,-568.0303
5.46667,-0.90445,-4.72855,-420.2778,107.266,-562.7044
5.5,-0.91711,-7.82281,-412.8995,102.4334,-556.83
5.53333,-0.92801,-12.85657,-404.8787,95.97738,-550.2067
5.56667,-0.9418,-19.09929,-395.8367,88.11139,-543.189
5.6,-0.95348,-26.88285,-386.9257,78.79816,-535.7993
5.63333,-0.96399,-36.0434,-377.7192,68.436,-528.2288
5.66667,-0.97776,-46.09021,-368.3707,56.64513,-520.8049
5.7,-0.98967,-56.80402,-359.5581,44.16543,-513.2931
5.73333,-1.00108,-68.29755,-350.7046,31.21982,-506.0623
5.76667,-1.01303,-79.87703,-342.7521,17.78188,-499.2976
5.8,-1.0263,-91.67003,-335.0911,3.82202,-492.7833
5.83333,-1.03464,-104.0738,-328.2163,-9.8074,-486.8549
5.86667,-1.05021,-115.0827,-321.9018,-23.417,-481.7817
5.9,-1.06311,-125.6601,-316.9442,-36.24653,-477.667
5.93333,-1.07559,-135.7213,-312.8191,-48.35723,-474.5759
5.96667,-1.08826,-144.8115,-309.9055,-59.54759,-472.6712
6,-1.09802,-153.1311,-308.3763,-69.51673,-471.8556
6.03333,-1.11173,-159.0355,-307.8801,-77.77036,-472.29
6.06667,-1.12315,-164.18,-308.7386,-84.84199,-473.9745
6.1,-1.13258,-167.6404,-310.8894,-89.88183,-476.8253
6.13333,-1.14332,-169.6675,-313.9683,-93.74705,-480.6186
6.16667,-1.15305,-169.9623,-317.8129,-95.51775,-485.527
6.2,-1.16293,-168.4492,-322.5651,-95.49527,-491.4008
6.23333,-1.17167,-165.5244,-328.7741,-94.11933,-498.0733
6.26667,-1.17897,-161.0581,-335.4032,-90.71476,-505.6469
6.3,-1.18731,-154.5756,-342.79,-85.76097,-513.3525
6.33333,-1.19435,-147.3105,-350.3046,-79.47964,-521.897
6.36667,-1.20232,-137.9913,-358.5299,-71.58442,-530.5213
6.4,-1.21E+00,-127.4903,-366.9154,-62.59614,-539.2341
6.43333,-1.21961,-115.9202,-374.9862,-52.61468,-547.7773
6.46667,-1.22636,-103.8093,-382.9543,-41.64022,-556.2539
6.5,-1.23384,-91.23867,-390.5819,-30.39267,-564.2721
6.53333,-1.24277,-77.70834,-397.8809,-18.51658,-571.8122
6.56667,-1.24823,-64.88763,-404.5652,-6.76758,-578.4552
6.6,-1.25435,-51.88466,-410.3544,5.10582,-584.3992
6.63333,-1.26231,-38.90005,-415.4713,16.60205,-589.6437
6.66667,-1.2696,-26.67864,-419.9104,27.35935,-593.8654
6.7,-1.27563,-15.49433,-422.9846,37.41843,-597.0115
6.73333,-1.28159,-5.23422,-424.8799,46.59905,-599.0792
6.76667,-1.28922,3.98024,-425.609,54.40152,-599.9204
6.8,-1.29913,12.26925,-425.009,60.97659,-599.8653
6.83333,-1.3064,18.73172,-422.93,66.22573,-598.3593
6.86667,-1.31351,23.53,-420.0642,69.74288,-595.6972
6.9,-1.31864,26.19869,-415.5339,71.67435,-592.0401
6.93333,-1.32427,27.33599,-410.5139,71.87991,-587.5221
6.96667,-1.32893,26.90331,-404.5163,70.64346,-581.8232
7,-1.33495,24.94941,-397.6425,67.66344,-575.3853
7.03333,-1.33939,21.14789,-390.4147,63.07407,-568.3468
7.06667,-1.34213,15.47645,-382.3253,57.04098,-560.9145
7.1,-1.34824,8.87852,-373.8795,49.34049,-552.6759
7.13333,-1.35217,0.56874,-365.1488,40.3876,-544.3738
7.16667,-1.35756,-8.49023,-356.7275,30.27931,-535.7806
7.2,-1.36062,-19.0331,-347.6055,19.28812,-527.244
7.23333,-1.36461,-30.12643,-338.992,7.49248,-518.847
7.26667,-1.36687,-41.96252,-330.7232,-4.7386,-510.7224
7.3,-1.37077,-53.97432,-322.8994,-17.41702,-503.218
7.33333,-1.37469,-66.09856,-315.8797,-30.21749,-496.4947
7.36667,-1.37764,-78.16126,-309.9142,-42.85027,-490.4429
7.4,-1.38039,-89.77492,-304.5836,-54.97387,-485.1445
7.43333,-1.38271,-101.0437,-300.4126,-66.64639,-481.1287
7.46667,-1.3857,-111.3246,-297.0296,-77.45817,-477.904
7.5,-1.38664,-120.845,-295.3062,-87.1383,-476.2642
7.53333,-1.38896,-129.1525,-294.4799,-95.87825,-475.4473
7.56667,-1.38957,-135.9605,-295.3194,-102.8204,-476.1769
7.6,-1.3897,-141.588,-297.3531,-108.4797,-478.1712
7.63333,-1.38917,-145.7608,-300.3333,-112.5434,-481.2044
7.66667,-1.38967,-148.1356,-304.4673,-115.0355,-485.2081
7.7,-1.38913,-148.8091,-309.6284,-115.5788,-490.5289
7.73333,-1.38908,-147.7342,-315.772,-114.4926,-496.684
7.76667,-1.38687,-145.4341,-322.458,-111.7358,-503.6032
7.8,-1.38447,-141.3856,-330.1593,-107.2313,-511.3334
7.83333,-1.38326,-135.4636,-338.4589,-101.1354,-519.3549
7.86667,-1.3797,-128.5651,-347.3566,-93.60036,-528.0895
7.9,-1.37742,-120.3481,-356.1599,-84.9646,-536.8519
7.93333,-1.37409,-110.7913,-365.2646,-74.83364,-545.6979
7.96667,-1.3714,-100.3314,-373.9287,-63.89729,-554.2205
8,-1.37018,-88.81732,-382.8153,-52.25067,-562.6338
8.03333,-1.36697,-77.24708,-390.7424,-40.05779,-570.6619
8.06667,-1.36234,-65.37716,-398.5314,-27.40768,-578.0302
8.1,-1.36015,-53.06036,-405.7404,-14.79279,-584.7147
8.13333,-1.35695,-41.06455,-411.738,-2.2753,-590.3534
8.16667,-1.35273,-29.62772,-417.1029,9.83452,-595.1899
8.2,-1.34843,-18.78687,-421.3469,21.34985,-598.8627
8.23333,-1.3422,-8.99341,-424.5057,32.20308,-601.569
8.26667,-1.33939,0.25504,-426.5791,41.82393,-602.9982
8.3,-1.33518,8.2354,-427.076,50.52375,-603.2183
8.33333,-1.32937,14.29542,-426.3685,57.67715,-602.5531
8.36667,-1.32549,19.45129,-424.73,63.39585,-600.2648
8.4,-1.31831,22.30613,-421.4144,67.61113,-597.0217
8.43333,-1.31579,24.40677,-416.8868,70.25245,-592.753
8.46667,-1.30825,24.1715,-411.6704,71.29974,-587.029
8.5,-1.3036,22.73472,-405.04,70.85843,-580.8401
8.53333,-1.29596,19.28769,-398.1068,68.80663,-573.7266
8.56667,-1.28787,13.98312,-390.1532,65.09093,-565.9483
8.6,-1.28119,7.64661,-382.1931,59.91693,-557.6043
8.63333,-1.27532,0.17263,-373.779,53.50182,-548.9821
8.66667,-1.26822,-9.182,-364.9556,45.48335,-540.0738
8.7,-1.26077,-19.59498,-356.0334,36.42434,-530.8975
8.73333,-1.25232,-31.05681,-347.0246,26.64893,-522.0502
8.76667,-1.24461,-43.04688,-338.7426,16.05305,-513.4574
8.8,-1.23763,-55.45697,-330.492,4.96747,-505.0969
8.83333,-1.22917,-68.23032,-323.4178,-6.36956,-497.3936
8.86667,-1.22176,-80.98481,-316.7976,-17.83421,-490.3163
8.9,-1.21291,-93.82628,-311.303,-29.17285,-484.1783
8.93333,-1.20616,-105.6335,-306.6221,-39.88003,-478.8834
8.96667,-1.19918,-117.3202,-302.698,-50.2984,-474.6696
9,-1.19142,-128.0251,-300.674,-59.82131,-471.7455
9.03333,-1.18032,-138.0652,-299.5282,-67.92812,-469.9234
9.06667,-1.17401,-146.3596,-299.6125,-75.17743,-469.4937
9.1,-1.16313,-153.7991,-301.4643,-80.87421,-470.3256
9.13333,-1.15634,-159.198,-303.8341,-85.03037,-472.4186
9.16667,-1.1413,-164.4452,-308.186,-87.77147,-475.5907
9.2,-1.13375,-166.8285,-313.4685,-89.01165,-480.0377
9.23333,-1.12546,-167.8784,-319.6712,-88.68871,-485.5762
9.26667,-1.1154,-167.1943,-326.6884,-86.21816,-492.0375
9.3,-1.10333,-165.2902,-334.4817,-82.03248,-499.4212
9.33333,-1.09132,-161.7912,-343.5579,-76.7323,-507.1482
9.36667,-1.07979,-156.7608,-352.6947,-69.64041,-515.6326
9.4,-1.06598,-150.8076,-362.442,-61.42656,-524.1964
9.43333,-1.05537,-143.1248,-372.2031,-51.96617,-533.1171
9.46667,-1.04574,-133.8099,-382.1129,-41.23154,-541.9232
9.5,-1.03367,-124.3428,-391.6891,-29.71991,-550.5777
9.53333,-1.02244,-113.8412,-401.0209,-17.50453,-558.7325
9.56667,-1.01065,-102.882,-409.9552,-4.86543,-566.2423
9.6,-0.99867,-91.75512,-418.1128,8.15489,-573.2577
9.63333,-0.98622,-80.66685,-425.8216,21.04661,-579.5292
9.66667,-0.97179,-69.97645,-432.3065,33.94941,-584.5394
9.7,-0.96274,-58.86333,-437.8969,46.03194,-588.6017
9.73333,-0.95165,-48.69651,-442.0888,57.91298,-591.6913
9.76667,-0.93761,-39.99999,-445.275,68.55962,-593.1744
9.8,-0.92576,-31.83959,-447.477,78.24173,-593.7846
9.83333,-0.91677,-24.47518,-448.0489,86.56893,-592.9072
9.86667,-0.90443,-19.24527,-447.3614,93.68738,-590.9759
9.9,-0.89276,-14.90559,-445.7187,99.51959,-587.7885
9.93333,-0.88293,-12.25432,-442.5291,103.5245,-583.4218
9.96667,-0.87136,-11.11441,-438.6379,106.2089,-578.0879
10,-0.85851,-11.88422,-433.5326,107.246,-571.4938
10.03333,-0.84768,-13.81127,-427.6144,106.62,-564.0648
10.06667,-0.83616,-17.77875,-420.6123,104.5857,-556.0756
10.1,-0.82493,-23.13655,-412.6895,101.0257,-547.077
10.13333,-0.81495,-29.78224,-404.5157,95.98278,-537.9422
10.16667,-0.80547,-37.88972,-395.7711,89.65093,-528.5373
10.2,-0.7953,-46.90443,-387.0289,82.10897,-518.6235
10.23333,-0.78536,-56.9213,-378.0914,73.46828,-508.4708
10.26667,-0.77311,-68.6108,-369.6003,63.93371,-498.9258
10.3,-0.76107,-80.66809,-361.6237,53.76231,-489.6668
10.33333,-0.75441,-92.44338,-353.3965,43.0685,-480.7607
10.36667,-0.74453,-104.6333,-346.7463,31.87102,-472.5252
10.4,-0.73498,-116.9645,-340.5898,20.66434,-464.9961
10.43333,-0.72584,-129.1716,-335.1758,9.70863,-458.4268
10.46667,-0.71552,-140.6747,-331.4911,-1.07729,-452.8261
10.5,-0.70418,-151.6891,-328.7168,-10.63842,-448.533
10.53333,-0.69743,-161.2652,-326.7766,-19.91253,-445.2174
10.56667,-0.68802,-170.3213,-326.4295,-27.93968,-443.4681
10.6,-0.67902,-178.0028,-327.6206,-34.7922,-443.1967
10.63333,-0.6723,-184.0675,-329.7592,-40.39562,-444.1235
10.66667,-0.65942,-189.511,-333.9253,-44.41207,-446.4026
10.7,-0.6535,-193.3946,-338.3507,-47.52372,-450.0492
10.73333,-0.644,-195.311,-344.4299,-48.28626,-454.8133
10.76667,-0.63382,-195.7984,-351.7423,-47.81992,-460.5047
10.8,-0.62394,-194.8417,-359.7047,-45.71443,-467.0564
10.83333,-0.61494,-192.4281,-368.2299,-41.9391,-474.5199
10.86667,-0.60588,-188.0947,-377.7177,-36.40835,-482.806
10.9,-0.59226,-182.9207,-388.2196,-29.82024,-491.2307
10.93333,-0.58295,-175.9593,-398.5418,-21.88264,-500.1384
10.96667,-0.57468,-167.6194,-408.9569,-12.69528,-509.2843
11,-0.56308,-159.049,-419.2858,-2.54329,-518.0796
11.03333,-0.55468,-148.8641,-429.492,8.31507,-526.8736
11.06667,-0.54722,-138.189,-438.8413,19.85495,-535.135
11.1,-0.53805,-127.0119,-447.8945,32.00605,-542.7943
11.13333,-0.52668,-115.761,-456.4342,44.24644,-549.4738
11.16667,-0.52017,-104.3179,-463.4542,56.0658,-555.3205
11.2,-0.5114,-92.83777,-470.0684,67.80902,-560.2238
11.23333,-0.5056,-82.22957,-474.8524,78.96145,-564.0867
11.26667,-0.49538,-72.11404,-478.9724,90.1223,-566.6325
11.3,-0.48976,-62.75711,-481.6655,99.46306,-568.1422
11.33333,-0.48296,-54.55682,-482.9635,108.0044,-568.2082
11.36667,-0.47751,-47.56821,-482.9563,115.2923,-567.2295
11.4,-0.47359,-42.06276,-481.3831,121.2129,-565.0609
11.43333,-0.46659,-37.73024,-478.7855,126.1157,-561.3113
11.46667,-0.46218,-34.8466,-474.7683,129.5072,-556.6446
11.5,-0.45637,-33.70212,-469.6966,131.3384,-550.7203
11.53333,-0.45412,-34.03263,-463.3609,131.0137,-543.9271
11.56667,-0.44829,-36.02181,-456.4197,129.7999,-536.1719
11.6,-0.45053,-39.06145,-447.9786,126.6401,-528.1307
11.63333,-0.44573,-44.06732,-439.529,122.331,-519.0338
11.66667,-0.44488,-50.07414,-430.0959,116.7309,-509.6204
11.7,-0.43943,-57.96893,-420.6405,109.9136,-499.5601
11.73333,-0.43396,-66.69529,-411.4925,101.8614,-489.6057
11.76667,-0.43607,-76.17785,-401.6268,92.56061,-480.256
11.8,-0.43223,-86.94225,-392.5228,82.56705,-470.7213
11.83333,-0.43023,-97.78893,-383.6059,72.03387,-461.5376
11.86667,-0.4296,-109.1341,-374.9339,60.7012,-452.7409
11.9,-0.42761,-120.7141,-367.6062,48.92946,-444.9177
11.93333,-0.42846,-132.0447,-360.7443,37.80676,-438.3261
11.96667,-0.42555,-137.7742,-358.1655,31.87794,-435.0599
12,-0.42745,-148.4734,-353.131,20.40333,-430.0599
12.03333,-0.42644,-159.0383,-349.1987,9.90796,-425.9537
12.06667,-0.4248,-168.5658,-346.9357,0.37712,-423.3549
12.1,-0.42696,-177.2482,-345.4161,-8.5898,-422.1466
12.13333,-0.42629,-184.4666,-345.8533,-16.55287,-422.1102
12.16667,-0.42601,-191.0151,-347.1725,-22.79046,-423.5123
12.2,-0.42637,-195.5239,-350.1256,-27.93764,-426.25
12.23333,-0.42964,-199.1321,-353.7314,-31.39792,-430.5849
12.26667,-0.43208,-200.9164,-358.9609,-34.06867,-435.9022
12.3,-0.43188,-201.7941,-365.4747,-34.25557,-442.6938
12.33333,-0.43354,-200.5329,-372.9451,-33.51725,-450.2597
12.36667,-0.4364,-198.0588,-380.6066,-30.75628,-458.6355
12.4,-0.43769,-194.0931,-389.4093,-26.63709,-467.7729
12.43333,-0.43724,-188.6036,-398.9905,-21.1712,-477.2514
12.46667,-0.43785,-181.7097,-408.7874,-14.03143,-487.2875
12.5,-0.44034,-174.1387,-418.268,-6.09571,-497.4502
12.53333,-0.4405,-164.9618,-428.3543,2.86483,-507.4666
12.56667,-0.4438,-155.1676,-437.5849,12.78361,-517.4334
12.6,-0.44776,-144.4341,-446.6314,23.07614,-527.0853
12.63333,-0.44922,-133.3398,-455.233,34.11176,-535.9609
12.66667,-0.45134,-121.8394,-463.3185,45.27692,-544.3206
12.7,-0.45561,-110.2371,-469.8469,56.38802,-551.493
12.73333,-0.45725,-98.76701,-475.8577,67.289,-557.561
12.76667,-0.46088,-88.01934,-480.2801,77.82374,-562.6283
12.8,-0.46391,-77.66771,-483.8352,87.61193,-566.5286
12.83333,-0.46943,-67.97153,-485.6767,96.54273,-569.126
12.86667,-0.47578,-59.1919,-485.961,104.5721,-570.3417
12.9,-0.4796,-51.64501,-485.5022,111.4794,-570.3439
12.93333,-0.48599,-44.79776,-483.1376,117.4167,-568.8274
12.96667,-0.49295,-40.01515,-479.5259,121.4842,-566.2807
13,-0.49847,-36.60525,-474.9316,124.3116,-562.5211
13.03333,-0.50544,-34.586,-468.7768,125.8384,-557.5536
13.06667,-0.5132,-34.13405,-461.3894,126.0495,-551.6645
13.1,-0.51992,-35.1332,-453.2729,124.5698,-544.6966
13.13333,-0.5313,-36.99455,-443.9684,121.1467,-536.9027
13.16667,-0.53869,-40.89534,-434.1206,116.9049,-528.431
13.2,-0.54752,-46.44622,-423.489,111.1829,-519.5948
13.23333,-0.55535,-52.8668,-412.92,104.1686,-510.3588
13.26667,-0.56278,-60.82489,-402.3592,95.7669,-501.1411
13.3,-0.57541,-69.09729,-391.0773,86.57413,-492.0502
13.33333,-0.58477,-78.88885,-380.4128,76.16408,-483.0588
13.36667,-0.59383,-88.93682,-370.478,65.28671,-474.5974
13.4,-0.60542,-99.24627,-360.5708,53.8366,-466.5233
13.43333,-0.61386,-109.9256,-351.8403,42.18976,-459.034
13.46667,-0.62649,-120.4589,-343.6981,30.10988,-452.6735
13.5,-0.63494,-130.8109,-337.0855,18.43234,-447.0349
13.53333,-0.64593,-140.6886,-331.1277,7.13398,-442.5565
13.56667,-0.65588,-150.2612,-326.6085,-3.54731,-439.5089
13.6,-0.66542,-158.601,-323.8304,-13.49272,-437.7148
13.63333,-0.67731,-166.1719,-321.9988,-22.673,-437.4049
13.66667,-0.68745,-172.7815,-321.8306,-30.63774,-438.5386
13.7,-0.69997,-177.871,-322.9194,-37.39149,-441.2358
13.73333,-0.71006,-182.255,-325.3582,-42.86893,-445.1792
13.76667,-0.71889,-184.7092,-329.6873,-46.5955,-450.5523
13.8,-0.73088,-185.9517,-334.5884,-49.2518,-457.1407
13.83333,-0.74011,-185.5013,-341.0275,-50.00037,-464.7792
13.86667,-0.75226,-183.5473,-348.0373,-49.41586,-473.5619
13.9,-0.7643,-180.1765,-355.7534,-47.34808,-483.093
13.93333,-0.77253,-175.8809,-364.6499,-43.90159,-493.2743
13.96667,-0.78186,-169.6493,-374.0328,-38.92209,-503.8374
14,-0.78935,-162.7592,-383.6296,-32.65457,-514.7659
14.03333,-0.80114,-154.0119,-392.8397,-25.49889,-525.4627
14.06667,-0.8097,-144.7573,-402.7692,-17.48074,-536.3876
14.1,-0.82133,-134.3692,-411.6011,-8.55688,-546.7959
14.13333,-0.82887,-123.6832,-420.668,0.97429,-556.6645
14.16667,-0.84009,-112.143,-428.6415,11.02536,-566.0775
14.2,-0.84619,-100.9503,-436.3843,21.31356,-574.4953
14.23333,-0.85756,-89.23571,-442.6168,31.23965,-581.8661
14.26667,-0.87117,-77.31314,-447.7438,40.98805,-588.3024
14.3,-0.88192,-65.97376,-451.9124,50.55167,-593.4228
14.33333,-0.89196,-55.64137,-454.8121,59.34228,-597.3408
14.36667,-0.9044,-45.91194,-455.9,67.32825,-599.8966
14.4,-0.91715,-36.84676,-455.8748,74.34096,-601.0325
14.43333,-0.92564,-29.47172,-454.8663,80.36016,-600.8053
14.46667,-0.93797,-22.98551,-451.7933,84.99734,-599.0176
14.5,-0.94955,-17.86613,-447.7036,88.57829,-596.4119
14.53333,-0.9622,-13.93394,-442.0795,90.45958,-591.8908
14.56667,-0.9718,-11.91664,-435.7302,91.01551,-586.5088
14.6,-0.98385,-11.06713,-427.9989,90.04415,-580.0129
14.63333,-0.99334,-12.13788,-419.2742,87.73081,-572.5557
14.66667,-1.00593,-14.13197,-409.7607,83.80489,-564.2964
14.7,-1.01573,-17.78635,-399.5771,78.78465,-555.3119
14.73333,-1.02657,-22.58619,-388.7396,72.44611,-545.7678
14.76667,-1.03745,-28.83243,-377.4939,64.73451,-535.968
14.8,-1.04877,-36.11519,-366.1401,55.89205,-526.082
14.83333,-1.06087,-44.03514,-355.1863,45.96475,-516.1136
14.86667,-1.07126,-53.23883,-344.2719,35.42896,-506.7579
14.9,-1.08141,-62.54934,-334.5288,24.33799,-497.6662
14.93333,-1.09403,-72.2264,-324.7172,12.54278,-488.8388
14.96667,-1.1064,-81.70228,-316.1245,0.86738,-480.9558
15,-1.11503,-92.04683,-308.4173,-10.75793,-474.248
15.03333,-1.12837,-101.4118,-301.683,-22.37311,-468.5185
15.06667,-1.13857,-110.4999,-296.8814,-33.42154,-463.9651
15.1,-1.15088,-119.3082,-292.5196,-44.16191,-460.8294
15.13333,-1.16022,-127.1399,-290.3883,-53.76179,-458.952
15.16667,-1.16982,-134.3051,-289.3587,-62.51376,-458.7005
15.2,-1.18158,-139.6927,-289.959,-69.99352,-459.8989
15.23333,-1.19312,-144.0976,-291.7984,-76.32099,-462.6412
15.26667,-1.19967,-148.0222,-295.3338,-81.37878,-466.5847
15.3,-1.21123,-149.6776,-300.0585,-85.00168,-472.1089
15.33333,-1.22E+00,-150.4916,-306.0246,-86.93378,-478.6256
15.36667,-1.22703,-149.5838,-312.9851,-87.52532,-486.3443
15.4,-1.23126,-148.0124,-321.1623,-86.58209,-495.0775
15.43333,-1.24293,-143.7873,-329.9465,-84.40063,-504.5426
15.46667,-1.249,-139.0648,-339.586,-80.67615,-514.7239
15.5,-1.25555,-132.7633,-349.7502,-75.57166,-525.1212
15.53333,-1.26352,-125.206,-359.8556,-69.33685,-535.9183
15.56667,-1.26902,-116.9503,-370.436,-62.10357,-546.6313
15.6,-1.27483,-107.4814,-380.9917,-53.73144,-557.2656
15.63333,-1.28095,-97.5398,-390.9764,-44.87318,-567.565
15.66667,-1.28556,-87.0912,-400.4081,-35.29039,-577.0621
15.7,-1.29407,-75.73416,-409.0772,-25.43334,-586.1832
15.73333,-1.29958,-64.56171,-417.0344,-15.35465,-593.9933
15.76667,-1.30507,-53.65878,-423.855,-5.44477,-601.0058
15.8,-1.31101,-42.87143,-429.5101,4.21313,-606.6581
15.83333,-1.31542,-32.67365,-434.3439,13.52093,-611.2799
15.86667,-1.32208,-22.71868,-437.4298,22.21946,-614.3696
15.9,-1.3254,-14.00372,-439.1548,30.32532,-616.1587
15.93333,-1.33121,-5.84684,-439.5353,37.35991,-616.4076
15.96667,-1.33789,1.1636,-438.118,43.18719,-615.2761
16,-1.34217,6.67971,-435.516,47.92593,-612.7695
16.03333,-1.3474,11.24567,-431.8967,51.48181,-608.9978
16.06667,-1.35187,14.12647,-426.3314,53.60862,-603.7881
16.1,-1.3564,15.62967,-419.7072,54.30733,-597.3353
16.13333,-1.36273,15.9051,-411.935,53.46195,-589.831
16.16667,-1.36741,14.68283,-403.0632,51.46199,-581.3975
16.2,-1.36911,11.49117,-393.4348,48.05596,-572.2691
16.23333,-1.3725,7.35787,-383.0199,43.39762,-562.3744
16.26667,-1.37377,1.48514,-372.2767,37.38388,-552.1167
16.3,-1.37473,-5.57463,-361.5333,30.15479,-541.4253
16.33333,-1.37663,-13.39023,-350.3866,22.06304,-530.6744
16.36667,-1.37844,-21.8597,-339.8792,13.23855,-520.0869
16.4,-1.37978,-31.40138,-328.9308,3.6126,-509.9996
16.43333,-1.38152,-41.2033,-319.25,-6.52675,-500.2627
16.46667,-1.38283,-51.48556,-310.5478,-17.13233,-491.1571
16.5,-1.3837,-61.75664,-302.2188,-27.54504,-482.9399
16.53333,-1.38465,-71.99775,-295.2422,-37.96346,-475.9595
16.56667,-1.38493,-81.97588,-289.4788,-47.9983,-470.1754
16.6,-1.38658,-91.41857,-284.7312,-57.74273,-465.4688
16.63333,-1.38731,-100.3817,-281.5731,-66.85089,-462.2583
16.66667,-1.38869,-108.2384,-279.8711,-74.96646,-460.5577
16.7,-1.38814,-115.5029,-279.7656,-82.1425,-460.3689
16.73333,-1.38624,-121.839,-281.0054,-88.12845,-461.5878
16.76667,-1.38564,-126.8656,-283.7192,-92.997,-464.5447
16.8,-1.38429,-130.5475,-287.9131,-96.44904,-468.612
16.83333,-1.38169,-133.1652,-293.5351,-98.57152,-474.2808
16.86667,-1.37705,-134.537,-300.596,-99.08466,-481.2858
16.9,-1.37397,-134.3468,-308.3786,-98.28036,-489.2485
16.93333,-1.37144,-132.5437,-317.6268,-96.04744,-498.2621
16.96667,-1.3668,-129.876,-327.3593,-92.50978,-507.9867
17,-1.36406,-125.5738,-337.7198,-87.68928,-518.3517
17.03333,-1.35991,-120.1013,-348.5988,-81.4596,-529.1068
17.06667,-1.35661,-113.3902,-359.688,-74.11978,-540.2193
17.1,-1.35045,-106.0726,-370.811,-65.71702,-550.9797
17.13333,-1.34726,-97.44358,-381.6471,-56.51065,-561.7043
17.16667,-1.34073,-88.71192,-392.6537,-46.73192,-571.8887
17.2,-1.33693,-79.27489,-402.5018,-36.61556,-581.5753
17.23333,-1.33081,-69.39526,-411.7504,-25.69082,-590.3553
17.26667,-1.3271,-59.41541,-419.7749,-15.09243,-598.0376
17.3,-1.32177,-49.54812,-427.127,-4.39423,-604.6834
17.33333,-1.31601,-40.29017,-432.773,5.91796,-610.1942
17.36667,-1.30872,-31.44497,-437.4771,15.9664,-614.2255
17.4,-1.30269,-23.02827,-440.879,25.34666,-616.9656
17.43333,-1.29635,-15.64505,-442.6662,33.80413,-618.2984
17.46667,-1.29007,-9.07985,-442.8153,41.45097,-618.059
17.5,-1.2831,-3.92123,-441.5973,47.86276,-616.5978
17.53333,-1.27644,0.35641,-438.9602,53.21997,-613.3353
17.56667,-1.26932,2.9881,-434.6456,57.14442,-608.8081
17.6,-1.26006,4.26869,-429.6509,59.95225,-603.044
17.63333,-1.25284,4.40651,-422.8519,61.48028,-596.2652
17.66667,-1.24713,3.2769,-415.0458,61.29646,-587.997
17.7,-1.23634,-0.13172,-406.1536,59.95588,-579.0612
17.73333,-1.22977,-4.03052,-396.3795,57.28046,-569.1377
17.76667,-1.2201,-9.64958,-386.3062,53.39664,-558.6479
17.8,-1.21305,-16.18988,-375.6086,48.15362,-547.7276
17.83333,-1.20411,-23.91089,-364.4845,42.13558,-536.4533
17.86667,-1.19694,-32.39529,-353.284,35.06741,-525.247
17.9,-1.18838,-41.82271,-342.7454,27.16704,-514.2669
17.93333,-1.17881,-51.97919,-332.5039,18.68354,-503.4428
17.96667,-1.17209,-62.23636,-322.8934,9.59993,-493.4182
18,-1.16244,-73.0646,-314.2489,0.36474,-483.9596
18.03333,-1.15261,-83.88065,-306.5948,-8.77837,-475.5945
18.06667,-1.14732,-93.67996,-300.1082,-17.94147,-468.1364
18.1,-1.13674,-104.3079,-294.6177,-26.67148,-462.1038
18.13333,-1.12969,-113.7533,-290.8898,-35.08826,-457.5076
18.16667,-1.11729,-123.3549,-288.2902,-42.58781,-454.0059
18.2,-1.10873,-131.4735,-287.7813,-49.49682,-452.3857
18.23333,-1.09783,-139.1331,-288.3537,-55.24396,-452.2935
18.26667,-1.09063,-145.0632,-290.6538,-60.18766,-453.6192
18.3,-1.0792,-150.3709,-294.342,-63.52448,-456.5373
18.33333,-1.06984,-154.0285,-299.6461,-65.7384,-460.8915
18.36667,-1.05705,-156.9387,-306.3583,-66.48012,-466.6645
18.4,-1.05012,-157.5146,-314.0564,-66.00691,-473.6286
18.43333,-1.03789,-157.7808,-322.9072,-64.12785,-481.6856
18.46667,-1.02708,-156.2114,-332.7719,-60.78302,-490.6382
18.5,-1.01371,-153.8903,-343.7031,-56.34145,-500.3091
18.53333,-1.00314,-149.8093,-355.0264,-50.53393,-510.7114
18.56667,-0.991,-145.0393,-366.7385,-43.8084,-521.3196
18.6,-0.97841,-138.9808,-378.7419,-35.77968,-532.084
18.63333,-0.96645,-131.7833,-390.8959,-26.77416,-542.9641
18.66667,-0.95403,-124.3109,-402.5153,-17.26994,-553.4831
18.7,-0.9416,-115.8583,-413.8593,-7.06935,-563.3194
18.73333,-0.92973,-107.1639,-424.51,3.37258,-572.6428
18.76667,-0.91591,-98.39198,-434.2473,14.03708,-580.6505
18.8,-0.90281,-89.17547,-443.3348,24.86058,-587.871
18.83333,-0.89265,-79.85296,-450.8823,35.44213,-594.0002
18.86667,-0.88243,-70.97604,-456.9872,45.71347,-598.8416
18.9,-0.87081,-62.76028,-461.9995,55.35011,-602.2276
18.93333,-0.85692,-55.61755,-465.7949,64.285,-604.2032
18.96667,-0.84577,-49.0771,-467.4456,72.45128,-604.6099
19,-0.83558,-42.96441,-467.8781,79.59158,-603.3949
19.03333,-0.82363,-38.59515,-466.6973,85.64884,-600.8236
19.06667,-0.81402,-35.06893,-463.6724,90.54393,-596.6894
19.1,-0.80211,-32.98697,-459.6436,94.16245,-591.1154
19.13333,-0.79325,-31.89405,-453.9559,96.55303,-584.4371
19.16667,-0.7791,-32.79435,-447.6162,97.68156,-576.4576
19.2,-0.76809,-34.66958,-439.7227,97.35402,-567.2546
19.23333,-0.75951,-37.44848,-430.7089,95.828,-557.2571
19.26667,-0.74699,-42.19407,-421.2413,93.07843,-546.5035
19.3,-0.73926,-47.12917,-410.9225,89.03542,-535.0675
19.33333,-0.72643,-54.00595,-400.47,84.37944,-523.4256
19.36667,-0.71854,-61.33637,-389.6382,78.16931,-511.6349
19.4,-0.70876,-69.67843,-378.8912,71.14033,-499.6252
19.43333,-0.69939,-78.82731,-368.5133,63.3395,-488.1117
19.46667,-0.69237,-88.32766,-358.3963,54.71493,-477.0264
19.5,-0.68125,-98.36964,-349.325,46.1634,-466.5014
19.53333,-0.67217,-108.3324,-341.1726,37.12464,-456.9257
19.56667,-0.66446,-118.2571,-333.6506,28.20235,-448.3691
19.6,-0.65468,-127.9805,-327.5992,19.10477,-440.505
19.63333,-0.64633,-137.3222,-322.5665,10.58438,-434.1522
19.66667,-0.6375,-146.3473,-319.2021,2.27146,-429.2798
19.7,-0.62911,-154.2375,-317.5952,-5.33488,-425.9603
19.73333,-0.61749,-161.6442,-317.7614,-11.72255,-424.2256
19.76667,-0.61125,-167.8107,-318.9666,-17.47573,-424.3181
19.8,-0.60287,-173.3783,-321.3446,-21.79003,-425.691
19.83333,-0.59778,-177.1941,-325.7576,-25.52207,-429.0277
19.86667,-0.58848,-180.2016,-331.6106,-27.41265,-433.5754
19.9,-0.58103,-181.874,-338.8897,-28.51115,-439.5937
19.93333,-0.56884,-182.5865,-347.7329,-27.80934,-446.6872
19.96667,-0.56707,-181.3922,-356.5682,-26.30919,-455.3313
20,-0.55461,-179.6054,-367.7093,-23.24444,-464.5692
20.03333,-0.54749,-176.1253,-378.6037,-18.88003,-474.4697
20.06667,-0.53871,-171.7043,-390.7085,-13.64197,-485.1789
20.1,-0.53191,-165.7625,-402.8207,-6.96817,-496.2682
20.13333,-0.5258,-159.4044,-414.6228,0.51899,-507.4245
20.16667,-0.5177,-151.8332,-427.0887,8.64997,-518.4858
20.2,-0.51018,-143.7197,-438.8614,17.14937,-528.8819
20.23333,-0.50481,-135.1219,-449.9102,26.59794,-539.2704
20.26667,-0.49663,-126.2269,-460.3913,36.20389,-548.4178
20.3,-0.48697,-117.1068,-470.2596,46.3547,-556.8119
20.33333,-0.48133,-107.6876,-478.9216,55.62798,-564.2224
20.36667,-0.4743,-98.54142,-486.1313,65.17647,-570.1826
20.4,-0.46915,-90.01517,-491.7517,74.09267,-574.9373
20.43333,-0.46504,-81.70601,-495.95,82.71414,-578.4465
20.46667,-0.46053,-74.3159,-498.5354,90.31468,-580.2106
20.5,-0.45601,-67.45935,-499.688,97.34944,-580.5243
20.53333,-0.44983,-61.80192,-499.5656,103.2077,-579.24
20.56667,-0.44811,-56.88131,-497.1269,108.399,-576.5811
20.6,-0.44205,-53.64908,-493.807,112.0164,-572.2144
20.63333,-0.43828,-51.58316,-488.7951,114.7166,-566.7367
20.66667,-0.43831,-50.42178,-481.6554,116.0453,-559.6815
20.7,-0.43278,-50.95067,-474.2389,116.0331,-551.3835
20.73333,-0.43355,-51.93315,-465.1217,114.9944,-542.3966
20.76667,-0.4309,-55.27715,-455.3364,112.4298,-532.4331
20.8,-0.43242,-59.08433,-444.6622,108.3566,-521.9455
20.83333,-0.42903,-64.00844,-433.6922,104.0212,-510.5563
20.86667,-0.43046,-70.18165,-421.8093,97.80805,-498.9457
20.9,-0.43179,-77.10175,-409.8579,91.41666,-487.5092
20.93333,-0.43202,-85.00631,-398.443,83.6968,-476.2261
20.96667,-0.43177,-93.15834,-386.9374,75.71679,-464.7497
21,-0.43415,-101.9893,-376.052,66.50572,-454.1761
21.03333,-0.43504,-111.2177,-365.7803,57.3098,-444.101
21.06667,-0.43353,-120.3014,-356.7384,48.18148,-434.7288
21.1,-0.4338,-129.4902,-348.8064,38.64349,-426.6911
21.13333,-0.43627,-138.1468,-341.9301,29.27562,-419.9882
21.16667,-0.43392,-146.8435,-336.7328,20.97527,-414.4953
21.2,-0.4348,-154.6948,-332.8043,12.88441,-410.6348
21.23333,-0.43671,-161.9111,-330.4512,5.45606,-408.5731
21.26667,-0.43992,-168.3117,-329.6104,-1.41575,-408.1655
21.3,-0.43965,-173.6243,-330.8134,-6.85604,-409.2536
21.33333,-0.44463,-177.7323,-333.0879,-11.83979,-412.1275
21.36667,-0.44759,-180.9806,-336.8386,-15.17012,-416.4416
21.4,-0.45054,-183.287,-342.2899,-17.32642,-422.5693
21.43333,-0.45222,-184.0806,-349.2728,-18.2469,-429.8335
21.46667,-0.45391,-183.5673,-357.7286,-18.39581,-438.3138
21.5,-0.45899,-182.0788,-366.493,-16.9993,-448.0743
21.53333,-0.46103,-179.0854,-376.5644,-13.98649,-458.5738
21.56667,-0.46508,-175.2464,-387.2454,-10.21903,-470.0539
21.6,-0.46998,-169.9633,-398.7268,-5.31883,-482.3568
21.63333,-0.47279,-164.003,-410.3209,0.66546,-494.5454
21.66667,-0.47639,-156.88,-421.8765,7.47001,-506.6863
21.7,-0.48022,-149.0226,-433.108,15.20377,-518.6523
21.73333,-0.48287,-141.0113,-444.3146,22.82589,-530.2087
21.76667,-0.48724,-132.1218,-454.6977,31.49368,-541.3894
21.8,-0.48979,-122.9627,-464.5333,40.14952,-551.4917
21.83333,-0.49758,-113.4762,-473.1347,48.39774,-561.0585
21.86667,-0.50035,-104.5769,-480.6669,57.10152,-569.0661
21.9,-0.50618,-95.70217,-486.717,65.5385,-576.1021
21.93333,-0.51118,-87.12241,-491.2827,73.61267,-581.4399
21.96667,-0.51641,-79.12182,-494.4157,80.80091,-585.2198
22,-0.52464,-71.43762,-495.6701,87.73371,-587.7894
22.03333,-0.53089,-64.88729,-495.7194,93.27116,-588.5764
22.06667,-0.53835,-59.37491,-493.6135,98.16964,-587.6979
22.1,-0.54542,-54.99509,-490.4871,101.6471,-585.5404
22.13333,-0.55178,-51.64155,-485.6299,104.4155,-581.6929
22.16667,-0.56342,-49.03028,-478.7753,105.7083,-576.5271
22.2,-0.57359,-48.04171,-470.8099,105.5695,-570.0494
22.23333,-0.58265,-48.45532,-461.4176,104.779,-562.3939
22.26667,-0.5905,-49.79837,-451.5143,102.7588,-553.771
22.3,-0.59927,-52.68342,-440.5011,99.15342,-544.2159
22.33333,-0.60987,-56.27764,-428.3632,94.60724,-533.7901
22.36667,-0.61759,-60.7669,-416.1244,89.33133,-522.7364
22.4,-0.63013,-66.63991,-403.1214,82.50577,-511.8945
22.43333,-0.64099,-73.04448,-390.0544,75.02354,-500.5249
22.46667,-0.65149,-80.30004,-377.2197,67.11052,-489.6283
22.5,-0.65975,-87.97001,-365.4704,58.28029,-478.9176
22.53333,-0.67312,-95.95268,-353.6099,48.97661,-469.1676
22.56667,-0.68439,-104.1971,-342.5482,39.43393,-459.7441
22.6,-0.69535,-112.3523,-332.715,29.87242,-451.3832
22.63333,-0.704,-120.7718,-324.216,20.23794,-443.9555
22.66667,-0.71654,-128.3065,-316.7629,10.8698,-437.9817
22.7,-0.72731,-135.5663,-311.0374,2.04919,-433.527
22.73333,-0.7365,-142.706,-306.6034,-6.30702,-430.2756
22.76667,-0.74826,-148.503,-304.0787,-13.96114,-428.9808
22.8,-0.76048,-153.8193,-302.7919,-20.54633,-429.5831
22.83333,-0.77106,-158.2529,-303.3757,-26.36375,-431.5362
22.86667,-0.78404,-161.2932,-305.5404,-31.27729,-435.203
22.9,-0.79314,-163.5958,-309.6985,-34.90332,-440.3987
22.93333,-0.80492,-164.5839,-314.9807,-37.41122,-447.217
22.96667,-0.8155,-164.5946,-321.6816,-38.67109,-455.4243
23,-8.28E-01,-163.3891,-329.3091,-38.85889,-464.8353
23.03333,-0.83673,-160.8737,-338.5408,-37.59719,-475.17
23.06667,-0.84697,-157.2364,-348.3824,-35.04945,-486.6256
23.1,-0.85523,-152.5433,-359.6208,-31.74132,-498.5925
23.13333,-0.86661,-146.8134,-370.5622,-27.28669,-511.2702
23.16667,-0.87866,-140.0196,-381.8434,-22.23154,-523.9388
23.2,-0.88627,-132.9372,-393.3161,-16.05553,-536.5215
23.23333,-0.89741,-124.5516,-404.8633,-9.30781,-549.3193
23.26667,-0.90573,-115.8362,-415.5874,-2.06187,-560.6592
23.3,-0.91598,-106.6897,-425.9411,5.42361,-571.9547
23.33333,-0.92853,-97.37763,-434.7749,12.9576,-582.2685
23.36667,-0.93572,-88.10357,-443.4513,20.98645,-591.4853
23.4,-0.94698,-78.57728,-450.8077,28.43654,-599.5016
23.43333,-0.95763,-69.67415,-456.5262,35.70089,-606.284
23.46667,-0.96869,-60.95227,-460.8408,42.55764,-611.4588
23.5,-0.97993,-52.95981,-463.584,48.69754,-615.1264
23.53333,-0.99207,-45.58078,-464.7808,54.00971,-617.2114
23.56667,-1.00377,-39.00013,-464.0154,58.86722,-617.7054
23.6,-1.01398,-33.63084,-461.8707,62.61669,-616.4782
23.63333,-1.02702,-28.96765,-458.0351,65.25841,-613.8887
23.66667,-1.03662,-25.75803,-452.9441,67.03892,-609.8164
23.7,-1.04743,-23.55357,-445.9722,67.65981,-604.0422
23.73333,-1.058,-22.78736,-437.7694,66.94297,-597.1385
23.76667,-1.06825,-23.15755,-428.2409,65.16797,-588.9473
23.8,-1.08012,-24.04001,-418.1132,62.27114,-579.6674
23.83333,-1.0903,-26.66896,-406.847,58.0327,-569.3459
23.86667,-1.10138,-30.25032,-394.4757,52.88438,-558.3727
23.9,-1.11186,-34.77751,-381.9569,46.79963,-547.0503
23.93333,-1.12207,-40.15068,-369.0409,39.84228,-535.1782
23.96667,-1.13365,-46.09384,-356.0044,32.13368,-523.4077
24,-1.14286,-53.08242,-343.2287,23.7193,-511.605
24.03333,-1.15412,-60.05836,-331.33,14.73049,-500.3075
24.06667,-1.16662,-67.2436,-319.847,5.40086,-489.686
24.1,-1.17462,-75.28319,-309.4268,-3.97624,-479.8991
24.13333,-1.18427,-82.89375,-300.3132,-13.36121,-471.1562
24.16667,-1.19688,-90.04725,-292.063,-22.78333,-463.4902
24.2,-1.20733,-97.034,-284.9004,-31.49294,-457.211
24.23333,-1.21654,-103.9297,-279.8259,-40.0482,-452.544
24.26667,-1.2275,-109.6568,-276.058,-47.78407,-449.1554
24.3,-1.2327,-115.7482,-274.3009,-54.79535,-447.6586
24.33333,-1.24318,-119.8937,-273.8547,-60.8159,-447.6844
24.36667,-1.24957,-123.9526,-275.4224,-65.98541,-449.6282
24.4,-1.25678,-126.6607,-278.5302,-69.88991,-453.3407
24.43333,-1.26672,-127.8733,-283.0632,-72.86848,-458.3442
24.46667,-1.27135,-128.9224,-289.3915,-74.63388,-465.2361
24.5,-1.28089,-128.1189,-296.828,-75.48606,-473.2622
24.53333,-1.28612,-126.6797,-305.6882,-74.895,-482.6579
24.56667,-1.29106,-123.9636,-315.5194,-73.04999,-492.7541
24.6,-1.29653,-120.1405,-326.1896,-70.12496,-503.9529
24.63333,-1.30354,-115.1264,-337.6995,-66.30474,-516.0092
24.66667,-1.30933,-109.5469,-349.9253,-61.79725,-528.3651
24.7,-1.31478,-102.7737,-362.0347,-56.03116,-540.6013
24.73333,-1.31786,-95.8579,-374.3312,-49.65383,-553.0882
24.76667,-1.32193,-88.12981,-386.3255,-42.68725,-565.136
24.8,-1.32808,-79.60404,-398.0475,-35.35223,-576.7702
24.83333,-1.33171,-71.24727,-408.6172,-27.64755,-587.4869
24.86667,-1.33673,-62.45562,-418.6033,-19.87946,-597.1641
24.9,-1.34101,-53.68948,-427.7356,-12.01773,-605.882
24.93333,-1.3446,-45.35534,-435.3357,-4.34296,-613.5484
24.96667,-1.34981,-37.07609,-441.6268,2.88312,-619.4919
25,-1.35225,-29.57455,-446.5346,9.88405,-624.205
25.03333,-1.35535,-22.6564,-449.5599,16.23688,-627.2833
25.06667,-1.35729,-19.48442,-450.6716,19.02519,-628.2898
25.1,-1.36066,-13.64013,-451.0489,24.26312,-628.765
25.13333,-1.36414,-8.69209,-449.8737,28.56731,-627.5974
25.16667,-1.36776,-4.78459,-447.0407,31.85368,-625.0056
25.2,-1.37004,-2.19517,-442.42,34.14197,-620.9859
25.23333,-1.37173,-0.48022,-436.6649,35.52714,-615.1515
25.26667,-1.37506,0.00901,-429.495,35.41814,-608.0842
25.3,-1.37539,-0.75916,-420.9137,34.64063,-599.7623
25.33333,-1.38081,-2.0477,-411.0317,32.4008,-590.1668
25.36667,-1.38031,-5.16379,-400.0518,29.50024,-579.8244
25.4,-1.3812,-9.23795,-388.3371,25.29325,-568.2838
25.43333,-1.38275,-14.03028,-376.1233,20.29478,-556.5004
25.46667,-1.38294,-20.05579,-363.3972,14.327,-544.2672
25.5,-1.38408,-26.49226,-350.7975,7.71276,-531.8607
25.53333,-1.38332,-33.82082,-338.2402,0.5757,-519.5563
25.56667,-1.38283,-41.55164,-326.3618,-7.0905,-507.5387
25.6,-1.3822,-49.55113,-314.8633,-14.97642,-496.0082
25.63333,-1.38166,-57.645,-304.4197,-22.97017,-485.5618
25.66667,-1.38202,-65.57323,-294.9926,-31.03738,-475.7607
25.7,-1.37898,-73.85955,-286.5228,-38.79399,-467.082
25.73333,-1.37922,-81.49698,-279.7805,-46.52292,-460.0996
25.76667,-1.37866,-88.76518,-274.1134,-53.66753,-454.527
25.8,-1.37631,-95.73266,-270.4151,-60.23178,-450.6458
25.83333,-1.37273,-102.0658,-268.2645,-65.92039,-448.365
25.86667,-1.37258,-106.8618,-267.8496,-70.71513,-447.8182
25.9,-1.36784,-111.6098,-269.4839,-74.68423,-448.9219
25.93333,-1.36459,-115.3402,-272.1823,-77.76356,-451.8167
25.96667,-1.35988,-117.8057,-277.2283,-79.44576,-456.3968
26,-1.35629,-119.303,-283.1975,-80.2335,-462.534
26.03333,-1.35329,-119.4505,-290.7482,-79.80591,-470.1346
26.06667,-1.34916,-118.6696,-299.8106,-78.25979,-479.1433
26.1,-1.34505,-117.0062,-309.8439,-75.80941,-489.2271
26.13333,-1.33981,-114.2199,-320.7716,-72.01278,-500.2367
26.16667,-1.33378,-110.5486,-332.7323,-67.18372,-512.2551
26.2,-1.32575,-106.393,-345.2596,-61.63444,-524.2393
26.23333,-1.32232,-100.8705,-357.9318,-55.51939,-536.6756
26.26667,-1.31422,-95.09341,-370.6036,-48.26649,-549.0869
26.3,-1.30877,-88.63877,-383.5362,-40.91657,-561.4783
26.33333,-1.3012,-81.58959,-395.9563,-32.60799,-573.2156
26.36667,-1.2932,-74.52533,-407.4349,-24.13216,-584.2833
26.4,-1.28524,-67.34127,-418.2813,-15.61042,-594.4905
26.43333,-1.27875,-59.80736,-428.1232,-7.10311,-603.4275
26.46667,-1.27067,-52.8321,-436.7155,1.26522,-611.5204
26.5,-1.26433,-45.84341,-443.8017,9.18472,-617.6988
26.53333,-1.25509,-39.62893,-449.5911,16.98254,-622.9116
26.56667,-1.24688,-33.95804,-453.6118,24.02987,-626.3291
26.6,-1.24025,-28.69661,-456.0582,30.33339,-628.0898
26.63333,-1.23086,-24.68032,-456.6146,36.00424,-628.2045
26.66667,-1.2224,-21.63232,-455.5868,40.52901,-626.7309
26.7,-1.21687,-18.97901,-452.703,44.13653,-623.5227
26.73333,-1.20614,-17.931,-448.4154,47.06288,-618.6797
26.76667,-1.19667,-17.67844,-442.6346,48.94925,-612.3343
26.8,-1.18769,-18.58902,-435.5117,49.60021,-604.7055
26.83333,-1.17861,-20.72093,-426.826,49.14496,-595.7399
26.86667,-1.17068,-23.57331,-417.0976,47.60848,-585.4036
26.9,-1.16054,-27.95947,-406.3618,45.09098,-574.3178
26.93333,-1.15305,-32.7177,-394.8169,41.71514,-562.5058
26.96667,-1.14407,-38.58677,-382.9193,37.27135,-549.7631
27,-1.13372,-45.6421,-370.4597,32.24482,-537.1633
27.03333,-1.125,-52.91441,-357.8414,26.67732,-524.3946
27.06667,-1.1162,-60.68632,-345.8777,20.33114,-511.6469
27.1,-1.10744,-68.64034,-334.092,13.78767,-499.0683
27.13333,-1.09834,-76.95814,-322.9882,7.11413,-487.4947
27.16667,-1.09007,-85.1584,-312.6807,0.3341,-476.6072
27.2,-1.08016,-93.50322,-304.044,-6.63676,-466.6531
27.23333,-1.06968,-102.0033,-296.2707,-13.4969,-457.8528
27.26667,-1.06002,-109.5913,-290.0895,-19.70695,-450.4889
27.3,-1.04888,-117.3806,-285.1991,-25.59093,-444.8021
27.33333,-1.03766,-123.9316,-282.3911,-30.63764,-440.4787
27.36667,-1.02617,-130.0289,-281.2723,-35.01703,-438.1257
27.4,-1.01698,-135.0942,-281.4911,-38.602,-437.5326
27.43333,-1.00793,-139.0403,-283.6348,-41.19868,-438.7038
27.46667,-0.99544,-142.5441,-287.7689,-42.9686,-441.303
27.5,-0.98604,-144.7311,-293.0261,-43.4717,-445.9891
27.53333,-0.97787,-145.9925,-299.8552,-43.36146,-452.1706
27.56667,-0.96467,-146.6551,-308.6058,-41.95699,-459.6477
27.6,-0.95221,-146.3031,-318.3131,-39.50263,-468.3619
27.63333,-0.94158,-144.4544,-329.3599,-36.02464,-478.3191
27.66667,-0.92928,-141.7424,-341.6965,-31.45952,-489.3489
27.7,-0.91535,-138.5664,-354.6956,-26.15563,-500.9035
27.73333,-0.90526,-134.0997,-367.4743,-19.85575,-513.0048
27.76667,-0.89426,-128.6321,-381.1203,-13.00574,-525.1219
27.8,-0.88154,-123.403,-394.3772,-5.60294,-537.3247
27.83333,-0.87079,-116.9053,-407.8488,2.31268,-549.388
27.86667,-0.85872,-110.4262,-420.6207,10.46235,-560.6775
27.9,-0.84312,-104.0085,-433.233,18.86962,-571.1845
27.93333,-0.83112,-96.91784,-444.539,27.32099,-580.6913
27.96667,-0.8187,-89.79226,-455.0316,35.68611,-589.1577
28,-0.80879,-83.43851,-463.5159,43.43285,-596.4663
28.03333,-0.79506,-77.45932,-471.1403,51.20241,-602.3128
28.06667,-0.78196,-71.62208,-477.5346,58.34337,-606.6101
28.1,-0.7734,-66.23402,-481.5305,64.69387,-609.3545
28.13333,-0.76193,-61.73782,-484.0838,70.59094,-610.3427
28.16667,-0.75205,-58.11719,-484.6499,75.37505,-609.5222
28.2,-0.74246,-55.40144,-483.5055,79.25519,-607.0683
28.23333,-0.73438,-53.32913,-480.615,82.48176,-603.2311
28.26667,-0.72251,-52.7137,-476.6794,84.59079,-597.715
28.3,-0.71266,-52.86039,-470.7847,85.54505,-590.3909
28.33333,-0.70135,-54.5007,-463.568,85.62823,-581.9202
28.36667,-0.69239,-56.59411,-454.8752,84.75734,-572.1067
28.4,-0.68485,-59.8062,-444.915,82.70119,-561.3036
28.43333,-0.67747,-64.01401,-433.9419,79.71411,-549.5694
28.46667,-0.66688,-69.18585,-422.4807,76.05669,-536.8133
28.5,-0.65775,-75.13727,-410.4919,71.45463,-523.7356
28.53333,-0.64857,-81.28343,-398.5454,66.19948,-510.3299
28.56667,-0.64013,-88.10235,-386.4488,60.43346,-497.0692
28.6,-0.6308,-95.52076,-374.498,54.58997,-484.1306
28.63333,-0.6258,-103.1147,-362.6907,47.47412,-471.5208
28.66667,-0.61676,-110.9116,-351.793,40.57531,-459.2018
28.7,-0.61083,-118.3399,-341.8032,33.6971,-448.2531
28.73333,-0.60137,-125.9848,-333.2468,26.80349,-438.082
28.76667,-0.59296,-133.0264,-325.952,20.30598,-429.2761
28.8,-0.58333,-140.2085,-319.6888,14.39402,-421.7161
28.83333,-0.57665,-146.4433,-315.3956,8.27769,-416.0252
28.86667,-0.56852,-151.5886,-313.1085,3.309,-412.0696
28.9,-0.55985,-156.691,-311.9842,-0.56539,-409.8344
28.93333,-0.55328,-160.8306,-312.6897,-4.34591,-409.3382
28.96667,-0.54684,-163.8804,-315.0147,-6.67077,-410.7184
29,-0.54074,-165.9842,-319.093,-8.41045,-413.705
29.03333,-0.53166,-168.0307,-325.25,-9.25767,-418.6329
29.06667,-0.52596,-168.0653,-332.4895,-8.9327,-424.8665
29.1,-0.51857,-167.6346,-341.7898,-7.65848,-433.0831
29.13333,-0.51417,-165.9076,-351.7815,-5.34389,-442.4761
29.16667,-0.50839,-163.277,-362.6084,-1.91977,-452.5233
29.2,-0.5002,-160.0981,-375.197,2.20895,-463.9074
29.23333,-0.49306,-155.8848,-388.3543,7.2356,-476.0028
29.26667,-0.48699,-150.738,-401.7202,12.70728,-488.2683
29.3,-0.48151,-144.7657,-415.013,19.33448,-500.7608
29.33333,-0.47469,-138.9957,-428.3019,25.91091,-513.0435
29.36667,-4.69E-01,-132.197,-441.4479,33.20281,-525.3373
29.4,-0.46415,-125.237,-454.2626,40.25081,-537.11
29.43333,-0.46083,-117.896,-466.0483,47.64252,-548.2362
29.46667,-0.45462,-110.8711,-476.9476,54.77958,-557.9114
29.5,-0.44891,-104.1345,-486.4346,62.68228,-566.7924
29.53333,-0.44546,-97.28523,-494.6585,69.06537,-574.0847
29.56667,-0.44133,-91.08552,-501.5279,75.61302,-580.2771
29.6,-0.43759,-85.30357,-506.6303,81.61833,-584.722
29.63333,-0.43484,-80.07457,-509.9817,86.65976,-587.4276
29.66667,-0.42959,-75.86589,-511.8165,91.29705,-588.397
29.7,-0.42797,-72.49457,-511.8444,94.48637,-588.0155
29.73333,-0.42725,-70.04669,-509.5148,97.56916,-585.8307
29.76667,-0.42566,-68.02442,-505.7757,99.46566,-581.7122
29.8,-0.42243,-67.64456,-500.7355,100.0381,-576.1082
29.83333,-0.42299,-67.82729,-493.6508,100.1184,-569.2545
29.86667,-0.42577,-68.83512,-484.9162,98.94356,-561.0064
29.9,-0.42594,-70.88023,-475.0831,97.21653,-551.3504
29.93333,-0.42712,-73.904,-464.021,94.57991,-540.7052
29.96667,-0.43017,-78.00689,-451.8815,90.4076,-529.1544
30,-0.43035,-82.90764,-439.8096,85.62181,-517.1726
30.03333,-0.43289,-88.15617,-426.6288,80.5311,-504.5827
30.06667,-0.43599,-94.15264,-413.4722,74.18287,-491.8973
30.1,-0.4351,-100.6792,-400.7534,68.09772,-479.2031
30.13333,-0.43623,-107.5515,-387.7553,61.43235,-466.5334
30.16667,-0.44058,-114.1038,-375.0543,54.23093,-454.4233
30.2,-0.44252,-121.0119,-363.6084,46.75056,-443.105
30.23333,-0.44417,-127.9967,-352.814,39.758,-432.6449
30.26667,-0.4463,-134.8784,-343.3388,32.43856,-423.4007
30.3,-0.44724,-141.142,-335.3008,26.03369,-415.4872
30.33333,-0.45092,-146.9615,-328.719,19.49635,-409.3162
30.36667,-0.45258,-152.0831,-323.8639,14.11086,-404.6735
30.4,-0.45432,-156.9429,-320.5781,8.96437,-401.6063
30.43333,-0.45719,-160.9264,-319.1629,4.74839,-400.6674
30.46667,-0.46004,-164.0042,-319.4455,1.21115,-401.3103
30.5,-0.46553,-165.9961,-321.498,-1.60656,-404.0793
30.53333,-0.47089,-166.9378,-324.9243,-2.97879,-408.3929
30.56667,-0.47787,-167.0887,-329.9652,-3.59683,-414.6379
30.6,-0.48036,-167.0885,-337.1526,-3.55639,-422.3631
30.63333,-0.48438,-165.4683,-345.8409,-2.46945,-431.6091
30.66667,-0.49265,-162.9746,-354.8701,-0.44279,-442.1164
30.7,-0.49608,-159.7229,-365.7191,2.60727,-453.5753
30.73333,-0.50465,-155.1285,-376.9084,6.20397,-466.0206
30.76667,-0.50709,-150.8635,-389.267,10.81925,-479.0897
30.8,-0.51281,-145.0194,-401.7501,16.42388,-492.6503
30.83333,-0.51781,-138.9731,-414.461,21.89823,-506.1021
30.86667,-0.52501,-132.1022,-426.8936,28.2916,-519.7998
30.9,-0.53018,-125.0916,-439.0527,34.42658,-532.5551
30.93333,-0.53567,-118.29,-450.6071,40.88789,-545.0879
30.96667,-0.54196,-111.0329,-461.658,47.34454,-557.0174
31,-0.54612,-103.7679,-471.6937,53.87564,-567.5052
31.03333,-0.55494,-96.88593,-480.0045,59.71999,-577.0891
31.06667,-0.56287,-90.34667,-486.8022,65.49559,-585.1314
31.1,-0.56878,-84.094,-492.6201,70.8542,-591.6716
31.13333,-0.57421,-78.61366,-496.9123,75.42598,-596.564
31.16667,-0.58394,-73.71641,-499.01,79.14537,-600.0226
31.2,-0.59072,-69.81684,-499.4995,82.67637,-601.7615
31.23333,-0.60161,-66.29948,-497.7049,84.88514,-601.4947
31.26667,-0.60965,-63.82574,-494.7958,86.58642,-599.8425
31.3,-0.61969,-62.13914,-489.7228,87.09748,-596.1946
31.33333,-0.62869,-61.8672,-483.3229,86.7151,-591.3588
31.36667,-0.63846,-62.23165,-475.1399,85.54158,-584.8104
31.4,-0.64916,-63.16357,-465.5584,83.28024,-576.6921
31.43333,-0.65996,-65.15263,-454.5979,80.2946,-567.4716
31.46667,-0.67067,-68.06761,-442.5695,76.10258,-556.9456
31.5,-0.6821,-71.75753,-429.8177,71.44193,-546.1147
31.53333,-0.6949,-75.86707,-416.1378,65.97095,-534.374
31.56667,-0.70456,-81.41304,-402.1548,59.96161,-522.3393
31.6,-0.7147,-86.6317,-388.698,53.18392,-510.0217
31.63333,-0.7283,-92.41836,-374.3272,45.87492,-497.6666
31.66667,-0.74053,-98.18989,-360.8516,38.63077,-485.9148
31.7,-0.75037,-104.4913,-348.0158,30.94827,-474.2849
31.73333,-7.62E-01,-110.5922,-335.9406,23.5191,-463.793
31.76667,-0.77314,-116.6633,-324.6639,15.72638,-453.8459
31.8,-0.78468,-122.1507,-314.6771,8.59183,-445.2326
31.83333,-0.79713,-127.1914,-305.7061,1.87115,-437.8343
31.86667,-0.80881,-131.6842,-299.0917,-4.65455,-432.2132
31.9,-0.82053,-136.0877,-293.5515,-10.63719,-428.1423
31.93333,-0.82988,-139.7429,-290.5686,-15.6903,-426.1793
31.96667,-0.8422,-142.2719,-288.5545,-19.89093,-425.6912
32,-0.8548,-143.9834,-288.6775,-23.46845,-427.1988
32.03333,-0.86562,-145.0382,-290.6686,-26.14735,-430.3465
32.06667,-0.8758,-145.3215,-294.303,-27.65077,-435.4343
32.1,-0.88914,-144.1474,-299.7027,-28.54918,-442.169
32.13333,-0.89854,-142.8054,-306.6331,-28.33921,-450.4473
32.16667,-0.91105,-140.2077,-314.6426,-27.29417,-460.2054
32.2,-0.92105,-137.0325,-324.3612,-25.50013,-471.1527
32.23333,-0.93232,-132.6046,-335.0773,-22.75872,-483.0819
32.26667,-0.94196,-128.1599,-346.4288,-19.37267,-496.0001
32.3,-0.9535,-122.4247,-358.4083,-15.37042,-509.2227
32.33333,-0.96246,-116.2985,-371.2493,-10.7032,-522.8712
32.36667,-0.97271,-109.4881,-384.0061,-5.53893,-536.5725
32.4,-0.98272,-102.6922,-396.6496,-0.40901,-550.0512
32.43333,-0.99273,-95.48601,-408.857,5.09027,-563.0196
32.46667,-1.00231,-88.23143,-420.2139,10.93932,-575.4517
32.5,-1.01354,-80.52551,-431.1241,16.56234,-586.9312
32.53333,-1.0222,-73.47642,-440.9448,22.13392,-597.3803
32.56667,-1.03019,-67.11997,-449.1815,27.34373,-606.5526
32.6,-1.03987,-60.57881,-456.5902,31.87555,-614.0491
32.63333,-1.04794,-54.80189,-462.3622,36.26415,-620.3645
32.66667,-1.06155,-49.00897,-465.7683,39.82892,-624.8691
32.7,-1.07217,-44.27091,-467.741,42.95025,-627.9227
32.73333,-1.08308,-40.21548,-467.8918,45.23476,-628.9812
32.76667,-1.09268,-37.01168,-466.5712,46.86566,-628.429
32.8,-1.10524,-34.66962,-463.1046,47.18794,-626.0418
32.83333,-1.11692,-33.36741,-457.6924,46.80839,-622.04
32.86667,-1.12305,-33.29975,-451.249,45.98822,-616.3376
32.9,-1.13356,-33.62318,-443.5329,43.84432,-609.2724
32.93333,-1.14361,-34.91376,-433.698,41.14478,-600.779
32.96667,-1.15449,-36.95577,-422.8969,37.29695,-590.8326
33,-1.16484,-39.99951,-410.8508,32.71953,-580.0295
33.03333,-1.17301,-44.00311,-398.3581,27.40253,-568.2947
33.06667,-1.18506,-47.92802,-385.0127,21.44348,-555.8433
33.1,-1.19552,-52.77401,-371.1332,14.91601,-542.9597
33.13333,-1.20296,-58.39964,-357.2091,8.25241,-530.1607
33.16667,-1.21285,-63.88774,-343.6776,1.0223,-517.2051
33.2,-1.22277,-69.44699,-330.5197,-6.27371,-504.6485
33.23333,-1.23168,-75.26377,-318.2234,-13.77663,-492.5324
33.26667,-1.24076,-80.73541,-306.7028,-20.93588,-481.2665
33.3,-1.24968,-86.18698,-295.997,-27.92655,-471.1456
33.33333,-1.25998,-91.0097,-286.7059,-34.65805,-462.1334
33.36667,-1.26803,-95.89392,-278.7005,-40.9153,-454.704
33.4,-1.27549,-100.1657,-272.615,-46.6375,-448.5784
33.43333,-1.28174,-104.0206,-268.1936,-51.63161,-444.3565
33.46667,-1.28979,-106.7689,-265.7628,-55.94563,-441.8389
33.5,-1.29718,-108.9963,-264.781,-59.4832,-441.1993
33.53333,-1.30412,-110.353,-265.6213,-62.04196,-442.4631
33.56667,-1.30974,-111.0084,-268.6443,-63.73984,-445.5758
33.6,-1.31647,-110.5298,-273.003,-64.42152,-450.3724
33.63333,-1.32231,-109.4205,-278.9414,-64.21806,-457.0957
33.66667,-1.32621,-107.5953,-286.7257,-63.0469,-465.2141
33.7,-1.33213,-104.667,-295.7324,-61.11233,-474.7438
33.73333,-1.33623,-101.1765,-305.9592,-58.3007,-485.3791
33.76667,-1.33935,-97.25213,-317.1661,-54.85609,-497.0609
33.8,-1.34427,-92.11782,-329.5562,-50.66083,-509.4297
33.83333,-1.34794,-86.66456,-342.6386,-45.94786,-522.3081
33.86667,-1.35056,-80.89728,-355.8162,-40.66057,-535.5519
33.9,-1.35442,-74.55738,-368.8869,-34.9966,-548.8605
33.93333,-1.35701,-68.0203,-381.9259,-28.92419,-562.003
33.96667,-1.36006,-61.4103,-394.6238,-22.9106,-574.6037
34,-1.36236,-54.85958,-406.8855,-16.87533,-586.4738
34.03333,-1.36503,-48.38733,-417.9428,-10.9466,-597.3252
34.06667,-1.36769,-41.91507,-427.9955,-5.01582,-607.1632
34.1,-1.36908,-36.30844,-436.7097,0.3078,-615.765
34.13333,-1.37009,-30.93797,-444.3197,5.3887,-622.8792
34.16667,-1.37403,-25.94941,-450.0861,9.62473,-628.5433
34.2,-1.3754,-21.99503,-454.3105,13.27118,-632.4904
34.23333,-1.37664,-18.60559,-456.6795,16.39394,-634.6746
34.26667,-1.37944,-15.72643,-457.0805,18.74816,-635.0383
34.3,-1.37941,-14.25758,-455.4826,20.31985,-633.9373
34.33333,-1.38008,-13.50709,-452.6216,20.93479,-631.0203
34.36667,-1.38104,-13.52185,-447.7872,20.82498,-626.6174
34.4,-1.38212,-14.23773,-441.0206,19.99171,-620.2813
34.43333,-1.38221,-15.91095,-433.0615,18.36896,-612.6762
34.46667,-1.38067,-18.68996,-423.6871,15.90948,-603.4732
34.5,-1.37912,-22.334,-413.2682,12.53992,-592.9804
34.53333,-1.37936,-26.40175,-401.5635,8.51335,-581.7127
34.56667,-1.37821,-31.17995,-389.3865,3.93891,-569.4788
34.6,-1.37665,-36.66566,-376.3354,-1.22945,-556.5617
34.63333,-1.3748,-42.57883,-362.5695,-6.67639,-543.3926
34.66667,-1.37261,-48.82549,-349.3998,-12.53924,-530.0874
34.7,-1.37173,-55.20911,-336.2156,-18.72522,-517.0674
34.73333,-1.37001,-61.53778,-323.7775,-24.79459,-504.3043
34.76667,-1.36775,-68.08577,-311.3942,-30.86911,-492.1628
34.8,-1.36528,-74.45639,-300.1472,-36.78955,-480.8397
34.83333,-1.36413,-80.1801,-290.5207,-42.44054,-470.5219
34.86667,-1.36121,-85.8443,-281.8503,-47.65987,-461.3682
34.9,-1.35873,-90.87049,-274.534,-52.25259,-453.8961
34.93333,-1.35527,-95.48905,-268.9559,-56.27628,-448.0694
34.96667,-1.35247,-99.51102,-265.1177,-59.80661,-444.0731
35,-1.34853,-102.7146,-262.9863,-62.29241,-441.8421
35.03333,-1.34409,-105.3557,-262.5445,-64.1215,-441.3018
35.06667,-1.34005,-106.7378,-264.1077,-64.78057,-442.7017
35.1,-1.33286,-107.9897,-267.5188,-64.69245,-446.0401
35.13333,-1.32884,-107.8906,-272.733,-63.88657,-451.0378
35.16667,-1.32163,-107.3427,-279.2974,-61.95365,-457.676
35.2,-1.31686,-105.5468,-288.0284,-59.39928,-465.8307
35.23333,-1.30934,-103.5022,-297.6221,-55.91122,-475.4802
35.26667,-1.30209,-100.4303,-308.6858,-51.51889,-486.3063
35.3,-1.29422,-96.92614,-320.543,-46.53801,-498.0557
35.33333,-1.28724,-92.67306,-333.4158,-41.03474,-510.6177
35.36667,-1.27902,-88.12273,-346.7172,-35.02119,-523.5167
35.4,-1.27083,-83.00237,-360.3766,-28.50771,-536.5633
35.43333,-1.26179,-77.84917,-374.2169,-21.80555,-549.7752
35.46667,-1.25285,-72.38936,-387.5732,-14.83206,-562.4604
35.5,-1.24562,-66.73933,-400.9626,-8.10367,-574.8796
35.53333,-1.23575,-61.63845,-413.3271,-1.29425,-586.6454
35.56667,-1.22808,-56.31955,-424.6789,5.20008,-597.1006
35.6,-1.21593,-51.67987,-435.5172,11.74158,-606.6692
35.63333,-1.20852,-47.16357,-444.4522,17.40494,-614.818
35.66667,-1.20187,-42.84147,-451.9953,22.67248,-621.4463
35.7,-1.19287,-39.6399,-457.9512,27.3464,-626.6766
35.73333,-1.18434,-36.92854,-462.0055,31.48362,-630.1259
35.76667,-1.17367,-35.18555,-464.4137,35.00452,-631.7666
35.8,-1.1668,-33.71275,-464.9872,37.63748,-631.8855
35.83333,-1.15659,-33.68814,-463.8715,39.34022,-629.9799
35.86667,-1.14861,-34.2132,-460.6086,40.39264,-626.6975
35.9,-1.13901,-35.59898,-455.9492,40.67161,-621.4724
35.93333,-1.12896,-38.03521,-449.6003,40.01913,-614.6117
35.96667,-1.1202,-41.01029,-441.7446,38.60154,-606.3028
36,-1.11015,-44.99224,-432.61,36.35881,-596.5411
36.03333,-1.09861,-49.94247,-422.169,33.65666,-585.8565
36.06667,-1.08968,-54.79992,-410.898,30.27149,-573.8586
36.1,-1.08081,-60.43306,-398.5959,26.15556,-560.9375
36.13333,-1.07133,-66.57141,-386.031,21.59407,-547.6236
36.16667,-1.06261,-73.22368,-372.7747,16.69846,-534.2188
36.2,-1.05114,-80.11055,-360.1474,11.71757,-520.6563
36.23333,-1.04232,-86.88518,-347.626,6.16425,-506.9934
36.26667,-1.03082,-93.74316,-335.4345,1.13424,-493.7213
36.3,-1.02158,-100.3482,-323.7945,-3.97576,-481.2581
36.33333,-1.01072,-106.8055,-313.3863,-8.71374,-469.817
36.36667,-0.99903,-112.9828,-304.1424,-13.30752,-459.0451
36.4,-0.9916,-118.0553,-295.9528,-17.4464,-449.7851
36.43333,-0.98041,-123.3253,-289.397,-21.05691,-442.0109
36.46667,-0.97186,-127.3104,-284.547,-23.87988,-436.0762
36.5,-0.96022,-130.8434,-281.7372,-25.80018,-431.846
36.53333,-0.94822,-133.9081,-280.6473,-27.18789,-429.3214
36.56667,-0.93832,-135.7805,-281.0124,-27.60254,-428.6119
36.6,-0.92536,-137.6425,-283.6517,-27.53872,-429.866
36.63333,-0.91546,-138.2995,-287.5317,-26.34117,-433.1861
36.66667,-0.90451,-137.8099,-293.8405,-24.46805,-438.0001
36.7,-0.89174,-137.1998,-301.319,-21.63296,-444.5071
36.73333,-0.88124,-135.1721,-310.4138,-18.14811,-452.3307
