0,-0.30805,-16.28916,-301.3012,187.2771,-366.0723
0.03333,-0.25487,-10.4143,-317.9327,195.7089,-371.6362
0.06667,-0.20087,-5.1107,-334.2215,202.644,-376.5235
0.1,-0.14588,-0.15952,-350.548,209.0851,-381.2909
0.13333,-0.09193,4.35091,-366.0021,214.4137,-385.3669
0.16667,-0.03645,8.0992,-380.7383,219.0211,-388.4289
0.2,0.01479,10.69905,-393.9622,222.1509,-390.8352
0.23333,0.06794,13.02091,-406.5821,223.9931,-392.2269
0.26667,0.11965,14.67331,-417.4259,224.204,-392.2345
0.3,0.17559,15.35787,-427.36,223.7499,-390.3885
0.33333,0.22798,15.36003,-435.4027,221.1657,-387.6527
0.36667,0.28033,14.16241,-442.1284,217.7308,-383.5195
0.4,0.33142,11.61636,-446.8229,212.9401,-377.545
0.43333,0.38282,8.97424,-450.2384,206.1576,-370.8362
0.46667,0.43317,5.53505,-451.8123,198.5506,-362.5505
0.5,0.48534,1.72398,-451.8268,190.0573,-352.496
0.53333,0.53874,-2.10439,-450.7402,180.326,-341.6975
0.56667,0.58987,-6.98407,-447.7956,169.9903,-329.3354
0.6,0.64242,-12.27701,-443.3849,158.4288,-315.6424
0.63333,0.69277,-17.16032,-438.653,146.1702,-303.0868
0.66667,0.74317,-22.36198,-432.369,134.6643,-288.0747
0.7,0.79687,-27.57868,-424.9493,120.7888,-273.1395
0.73333,0.84789,-32.5516,-417.8625,108.6643,-257.7949
0.76667,0.89994,-35.73351,-411.4454,97.45419,-243.6286
0.8,0.94667,-39.77243,-403.6137,85.71603,-229.3629
0.83333,0.9904,-43.1195,-395.2702,74.71388,-215.5729
0.86667,1.03502,-45.79376,-387.5115,63.89719,-202.7546
0.9,1.07955,-47.51089,-380.5254,54.10896,-190.5764
0.93333,1.11924,-48.56103,-373.3951,45.45166,-179.5469
0.96667,1.159,-48.228,-367.4434,37.8457,-170.3748
1,1.19387,-47.89395,-362.4976,31.57804,-161.7338
1.03333,1.23027,-46.03845,-358.3102,26.12376,-154.6498
1.06667,1.26258,-42.68133,-355.6127,22.79612,-149.9456
1.1,1.29293,-38.74028,-354.2879,20.80094,-145.5478
1.13333,1.32047,-33.86169,-354.44,20.04588,-143.6113
1.16667,1.34713,-27.63902,-355.8723,20.60245,-143.7951
1.2,1.37261,-20.51031,-358.8208,22.30717,-145.6119
1.23333,1.39498,-12.8787,-363.5567,25.29739,-148.6564
1.26667,1.41609,-3.96446,-369.3437,29.78033,-152.9704
1.3,1.43163,4.59731,-375.8372,34.95152,-159.125
1.33333,1.44641,13.5893,-383.8795,40.86231,-165.7443
1.36667,1.45361,22.07743,-392.514,47.67304,-175.0934
1.4,1.46204,31.16405,-401.9451,54.8976,-184.588
1.43333,1.46714,40.08001,-411.9427,62.68212,-194.6841
1.46667,1.47181,48.83549,-422.7387,70.38651,-205.7381
1.5,1.47886,58.258,-433.558,78.22191,-217.0315
1.53333,1.47707,65.75426,-444.5119,86.05133,-228.5931
1.56667,1.4768,73.12433,-455.2577,93.40438,-240.1357
1.6,1.47501,79.92386,-465.7177,100.5472,-251.0707
1.63333,1.46998,85.21378,-475.4716,106.788,-262.1931
1.66667,1.46104,89.64038,-485.0179,113.1268,-271.8893
1.7,1.44924,93.12835,-493.4499,119.1424,-280.4997
1.73333,1.44006,95.57409,-500.6927,123.4421,-288.7527
1.76667,1.42867,96.57368,-506.3395,126.6397,-296.2171
1.8,1.41416,96.2426,-511.0188,129.2961,-301.7213
1.83333,1.39876,94.87157,-514.7783,131.1111,-306.2091
1.86667,1.37853,91.08688,-517.0879,131.5404,-309.2888
1.9,1.35776,86.69835,-517.2335,131.4816,-310.2046
1.93333,1.33567,81.02353,-516.0386,130.4253,-309.8141
1.96667,1.31303,74.31858,-512.9778,128.3587,-307.996
2,1.28883,66.82887,-508.6272,125.763,-305.1833
2.03333,1.26007,57.31784,-502.4683,122.24,-300.3017
2.06667,1.23481,47.54341,-494.5777,117.454,-294.3918
2.1,1.20603,37.27406,-485.5987,112.9988,-287.2881
2.13333,1.17149,25.93603,-475.6319,108.5983,-279.7396
2.16667,1.13437,13.71689,-464.2906,103.4148,-271.9818
2.2,1.09949,2.17002,-452.3825,98.66578,-263.0303
2.23333,1.06335,-9.2638,-439.5959,94.01323,-253.8487
2.26667,1.02526,-20.86727,-426.5636,89.92178,-244.0394
2.3,0.98797,-32.06884,-412.827,85.85917,-233.9346
2.33333,0.94333,-43.08253,-399.5522,82.26612,-226.716
2.36667,0.90129,-53.3012,-386.1205,79.8681,-217.86
2.4,0.85535,-62.90312,-372.8407,78.15872,-210.5228
2.43333,0.81181,-71.18081,-360.0922,76.89762,-203.9765
2.46667,0.76316,-78.97226,-347.0896,76.5633,-198.3212
2.5,0.71385,-85.67105,-335.3791,76.97153,-194.4895
2.53333,0.66511,-90.51342,-324.7335,78.73902,-191.9856
2.56667,0.61539,-94.83339,-315.0867,80.89469,-190.8525
2.6,0.56399,-97.36124,-306.7854,84.39168,-191.8224
2.63333,0.51507,-98.58971,-300.2428,88.97534,-194.0756
2.66667,0.46078,-98.71009,-293.9642,94.69161,-197.9561
2.7,0.40803,-97.07976,-289.7982,100.9101,-204.2085
2.73333,0.35293,-94.58091,-286.5529,107.9444,-211.9515
2.76667,0.29757,-90.33569,-284.8846,116.3083,-221.5126
2.8,0.24365,-85.47036,-284.3717,124.8217,-232.0952
2.83333,0.18993,-79.243,-285.4429,133.4359,-244.5565
2.86667,0.13699,-72.32789,-287.4469,142.6974,-257.8039
2.9,0.08179,-64.47183,-290.4225,151.5028,-272.7182
2.93333,0.02653,-56.16578,-294.1752,160.2274,-288.4327
2.96667,-0.02871,-47.4383,-298.9497,168.8096,-305.1602
3,-0.08567,-38.5569,-304.0515,177.2796,-322.5884
3.03333,-0.13874,-29.37108,-309.769,185.0406,-339.708
3.06667,-0.18964,-19.89564,-315.4992,191.5788,-356.0915
3.1,-0.24356,-11.16506,-321.3894,197.2606,-373.1823
3.13333,-0.29643,-2.2725,-326.3289,202.5576,-388.8904
3.16667,-0.34527,5.78605,-331.9807,205.8102,-403.9239
3.2,-0.39617,12.8718,-336.3702,209.2533,-418.5141
3.23333,-0.44636,19.88012,-340.343,211.0506,-431.8327
3.26667,-0.49551,25.61576,-343.3835,211.7569,-443.9911
3.3,-0.54887,30.41913,-345.0359,210.7117,-455.2933
3.33333,-0.59686,34.64134,-345.872,209.1669,-464.4682
3.36667,-0.64307,37.4207,-345.6961,206.1785,-472.1516
3.4,-0.68957,39.28332,-344.0511,202.2978,-478.4755
3.43333,-0.73397,40.4174,-341.8611,196.734,-482.8734
3.46667,-0.77983,40.52823,-337.212,190.499,-485.5229
3.5,-0.81846,38.81399,-332.0633,182.9573,-486.0673
3.53333,-0.85967,36.57578,-325.0462,175.0936,-485.8341
3.56667,-0.8986,33.50678,-316.7218,166.4081,-483.7169
3.6,-0.93674,29.57463,-307.8189,156.5583,-480.5045
3.63333,-0.97295,25.41617,-297.5767,146.4091,-475.2507
3.66667,-1.002,19.87565,-286.6975,136.0855,-468.4841
3.7,-1.03511,14.46392,-274.9743,124.9582,-461.1223
3.73333,-1.06379,8.87402,-263.3754,114.0275,-452.6938
3.76667,-1.08956,2.84944,-250.8035,103.4858,-443.525
3.8,-1.11428,-3.10359,-238.0776,93.08774,-433.9384
3.83333,-1.13902,-8.58158,-225.114,82.92666,-423.7092
3.86667,-1.16251,-13.64117,-212.9903,73.56234,-414.5743
3.9,-1.18076,-18.56859,-201.1623,64.9928,-404.4248
3.93333,-1.19845,-22.79942,-189.9593,57.16318,-394.6937
3.96667,-1.21349,-26.2881,-180.0381,50.73302,-386.3492
4,-1.2261,-29.14247,-170.9607,45.11665,-377.7943
4.03333,-1.23751,-31.36775,-162.7135,40.78079,-371.1116
4.06667,-1.25028,-31.50771,-155.3672,38.20094,-365.3572
4.1,-1.25489,-32.23214,-150.8995,36.3483,-360.7235
4.13333,-1.26183,-31.30249,-146.5791,35.86611,-357.0166
4.16667,-1.26501,-29.38659,-144.2296,37.2953,-355.4534
4.2,-1.26455,-27.12383,-143.9464,39.66474,-355.176
4.23333,-1.26544,-23.39175,-144.8941,43.11051,-355.8693
4.26667,-1.26111,-19.22425,-147.5248,48.14291,-358.0568
4.3,-1.25532,-14.10525,-152.3455,54.54412,-362.6843
4.33333,-1.2484,-8.73241,-157.7474,61.46858,-367.8957
4.36667,-1.2394,-2.51335,-164.9818,69.5507,-374.4204
4.4,-1.22694,3.80789,-173.7271,78.19461,-381.4649
4.43333,-1.21498,10.21623,-182.9476,87.12967,-389.908
4.46667,-1.19763,16.90348,-193.85,96.96444,-398.3414
4.5,-1.18068,23.65452,-205.1085,107.0718,-407.9777
4.53333,-1.16156,30.12639,-217.1402,117.1581,-417.8046
4.56667,-1.13692,35.7357,-229.8608,127.2525,-427.386
4.6,-1.11601,41.58745,-242.3698,136.9219,-437.338
4.63333,-1.08887,46.14264,-254.9693,146.5368,-446.905
4.66667,-1.06521,50.45746,-267.0183,155.1104,-456.0659
4.7,-1.03433,53.59037,-279.5316,163.4281,-464.2472
4.73333,-1.00523,55.8052,-291.208,170.3775,-471.7119
4.76667,-0.9695,56.94744,-301.8991,177.1985,-477.1811
4.8,-0.93316,56.91462,-311.9449,182.9252,-482.0282
4.83333,-0.89571,55.71059,-320.5007,187.9525,-485.685
4.86667,-0.85745,52.96684,-327.8391,191.5604,-487.996
4.9,-0.81615,49.3556,-334.0561,194.3159,-488.2181
4.93333,-0.77453,44.60793,-339.1382,195.5437,-486.829
4.96667,-0.73033,38.63898,-342.8696,196.0061,-483.7948
5,-0.68667,31.52226,-344.8634,195.7427,-479.4841
5.03333,-0.64103,23.9593,-345.9995,194.3752,-473.1535
5.06667,-0.59329,14.9669,-346.0148,191.7555,-465.2293
5.1,-0.54764,5.66194,-344.5958,188.2224,-455.9321
5.13333,-0.49707,-4.60852,-342.22,184.4186,-444.7668
5.16667,-0.44944,-14.53053,-338.8222,179.7083,-432.5158
5.2,-0.40047,-25.34319,-334.1685,173.9873,-418.555
5.23333,-0.34872,-35.96653,-329.8115,167.8021,-403.8974
5.26667,-0.29848,-46.25088,-324.2816,161.2258,-388.1153
5.3,-0.24973,-56.51011,-318.3408,154.8493,-372.2486
5.33333,-0.19376,-66.26228,-312.7693,148.0071,-354.813
5.36667,-0.13968,-75.12164,-306.7894,141.0385,-337.1798
5.4,-0.08584,-83.29613,-301.8209,134.4507,-320.5576
5.43333,-0.03165,-90.40735,-296.2868,127.9523,-303.1992
5.46667,0.02553,-96.62276,-291.9333,121.5098,-286.3635
5.5,0.08056,-100.9918,-288.5235,115.852,-271.0162
5.53333,0.13529,-104.5049,-285.6171,110.8555,-256.3017
5.56667,0.19324,-107.0967,-284.2006,106.2109,-242.4612
5.6,0.25068,-107.8888,-284.0189,102.1498,-230.2355
5.63333,0.30538,-107.2295,-284.7697,99.16554,-219.7058
5.66667,0.35968,-105.3983,-286.8435,97.00569,-210.7329
5.7,0.41656,-101.8266,-291.0455,95.71209,-203.6439
5.73333,0.47047,-97.18956,-295.9418,95.54568,-197.9246
5.76667,0.52427,-91.23012,-302.6187,95.97809,-194.3658
5.8,0.5778,-83.9784,-310.4486,97.18893,-192.3234
5.83333,0.62661,-75.76964,-319.0078,99.61867,-192.0373
5.86667,0.67846,-66.14714,-329.1816,102.2504,-193.4331
5.9,0.72776,-55.67697,-340.367,106.0348,-196.2988
5.93333,0.77519,-44.6611,-352.3513,109.5994,-201.2073
5.96667,0.82341,-32.95771,-364.8865,113.9528,-206.36
6,0.87069,-21.09683,-378.5674,118.2323,-213.1854
6.03333,0.90692,-10.31304,-392.1094,123.0282,-221.67
6.06667,0.9478,0.87941,-405.1973,126.6395,-230.1529
6.1,0.98344,11.825,-418.1697,130.964,-239.2103
6.13333,1.02269,22.94619,-431.4557,135.099,-247.7483
6.16667,1.06159,33.77133,-444.6284,138.5609,-256.9392
6.2,1.09803,43.46899,-457.0634,141.123,-266.1276
6.23333,1.12973,52.37916,-468.679,144.0914,-274.4068
6.26667,1.16398,60.66115,-479.6926,145.6198,-282.504
6.3,1.19487,67.20505,-487.9617,145.5353,-289.5028
6.33333,1.22402,72.45511,-496.6363,145.1091,-295.589
6.36667,1.25412,77.51493,-503.2889,143.9171,-300.6629
6.4,1.27977,80.63648,-508.6845,141.4421,-305.6797
6.43333,1.30754,83.18583,-513.4487,138.3753,-308.6715
6.46667,1.32664,83.64285,-515.3946,134.7079,-310.4169
6.5,1.34878,83.35851,-515.996,129.9621,-309.5424
6.53333,1.36765,81.66379,-515.7309,124.3357,-308.5785
6.56667,1.38672,78.99286,-514.0036,117.986,-304.573
6.6,1.40524,75.44568,-509.9993,110.4786,-300.3352
6.63333,1.41757,70.0001,-505.0982,102.5199,-294.5269
6.66667,1.43145,64.24227,-498.6711,94.00174,-286.4887
6.7,1.44542,57.88426,-491.3319,84.79716,-277.8032
6.73333,1.45324,50.91168,-482.3751,76.1373,-268.788
6.76667,1.45786,43.03727,-473.145,67.3169,-259.0769
6.8,1.4625,34.98784,-463.0273,58.3021,-248.5973
6.83333,1.46645,27.19548,-452.3429,49.69906,-237.4639
6.86667,1.46662,19.08443,-441.073,41.57667,-225.9476
6.9,1.46697,11.57791,-430.2454,34.10314,-214.069
6.93333,1.4647,4.41596,-419.182,27.44914,-202.8991
6.96667,1.4612,-2.48349,-408.8324,21.39677,-191.8135
7,1.45192,-9.01887,-398.8757,16.95935,-181.3751
7.03333,1.44274,-15.20717,-389.4021,12.82409,-171.7096
7.06667,1.43031,-20.48657,-381.0003,10.23554,-163.7554
7.1,1.41413,-25.07135,-373.384,9.16948,-156.6108
7.13333,1.39624,-28.82909,-366.8252,9.31528,-150.5218
7.16667,1.37579,-31.80308,-361.7893,10.82418,-145.9704
7.2,1.35046,-34.21429,-357.8598,13.9166,-142.9643
7.23333,1.32552,-35.17484,-355.2173,18.19896,-141.9893
7.26667,1.29916,-35.16831,-353.9951,23.61561,-142.9372
7.3,1.27051,-34.03928,-354.3371,30.66601,-145.3769
7.33333,1.24379,-31.90274,-355.978,38.33094,-148.9089
7.36667,1.2109,-29.43989,-359.1461,47.57383,-154.4745
7.4,1.17787,-26.1173,-363.6846,57.50105,-161.9436
7.43333,1.1421,-22.2531,-369.1775,68.56281,-170.4731
7.46667,1.10528,-17.93723,-375.3126,80.23873,-179.8744
7.5,1.06505,-13.22514,-382.5277,92.40883,-191.7785
7.53333,1.02345,-8.76733,-389.9653,104.6559,-203.8601
7.56667,0.97727,-4.76356,-397.1503,117.0773,-216.5587
7.6,0.92756,-0.60308,-404.5399,128.9798,-231.6669
7.63333,0.88396,4.33592,-412.3464,141.243,-245.3926
7.66667,0.85646,11.46988,-423.1325,152.6255,-260.3424
7.7,0.8101,15.27607,-430.3865,163.4846,-274.6698
7.73333,0.76299,18.55534,-437.2957,173.7441,-288.9102
7.76667,0.71394,21.09378,-443.0349,182.7063,-303.0141
7.8,0.66479,22.84311,-447.9902,191.0295,-316.1646
7.83333,0.61296,22.98514,-451.8128,197.2164,-329.2691
7.86667,0.55894,22.84651,-453.9214,203.0557,-341.2047
7.9,0.50737,22.63574,-455.204,208.2096,-352.0407
7.93333,0.454,20.79871,-454.7378,211.4397,-361.7054
7.96667,0.39925,18.696,-452.4822,213.456,-370.3118
8,0.34766,15.53481,-448.5378,214.2328,-376.5342
8.03333,0.29419,11.73239,-443.3675,213.9066,-382.1132
8.06667,0.23681,6.78079,-436.1773,212.2685,-386.5851
8.1,0.18251,1.41222,-427.786,209.3222,-389.4143
8.13333,0.12832,-4.28818,-417.8015,204.9271,-390.8076
8.16667,0.07244,-11.11589,-406.2342,200.0309,-390.9125
8.2,0.0155,-17.96818,-393.2489,194.0556,-389.9625
8.23333,-0.04015,-25.45352,-378.9913,187.1514,-387.532
8.26667,-0.09283,-32.78772,-364.3217,179.5762,-384.0918
8.3,-0.15019,-39.92987,-348.0662,170.9243,-379.9746
8.33333,-0.20268,-47.28322,-331.8357,162.3514,-374.9149
8.36667,-0.25649,-54.24274,-315.6034,153.4542,-370.0761
8.4,-0.30994,-60.44326,-298.4832,144.0968,-363.9885
8.43333,-0.35943,-65.98747,-282.0319,134.8942,-357.5138
8.46667,-0.41157,-70.85219,-265.7148,126.5873,-351.897
8.5,-0.46083,-74.81043,-250.3542,118.3723,-346.265
8.53333,-0.51108,-77.67762,-235.4731,110.551,-341.0267
8.56667,-0.5576,-79.86628,-222.0604,103.3238,-336.299
8.6,-0.60501,-80.9441,-209.3947,96.77781,-332.293
8.63333,-0.64991,-80.8245,-197.8393,91.44604,-328.775
8.66667,-0.69596,-79.39683,-188.6023,86.55345,-327.2381
8.7,-0.74051,-76.78205,-180.4585,83.02989,-326.5303
8.73333,-0.78203,-72.90163,-174.2995,80.77989,-326.9492
8.76667,-0.82207,-68.14959,-169.9851,79.14884,-328.5043
8.8,-0.86115,-62.39318,-167.2624,79.08165,-331.9758
8.83333,-0.89888,-55.38938,-166.3501,79.87987,-336.4198
8.86667,-0.93484,-47.43705,-167.0821,81.49318,-341.7189
8.9,-0.96959,-38.8619,-169.4934,84.06923,-348.7169
8.93333,-1.00302,-29.12472,-173.8232,87.64945,-356.9016
8.96667,-1.03505,-19.16262,-179.3905,91.33421,-365.5176
9,-1.06423,-8.97039,-186.2114,95.99801,-375.3904
9.03333,-1.09142,2.0118,-194.3365,101.5381,-385.7995
9.06667,-1.1181,12.85536,-203.4677,106.9839,-396.9961
9.1,-1.14106,23.40104,-213.2043,112.8292,-408.3362
9.13333,-1.16351,33.94532,-223.4754,118.9715,-420.5664
9.16667,-1.18627,44.06886,-234.2088,124.6419,-433.317
9.2,-1.20409,53.4594,-245.1366,130.303,-445.212
9.23333,-1.22044,62.18638,-255.7064,135.567,-456.509
9.26667,-1.23903,70.67811,-266.06,140.1776,-467.8011
9.3,-1.25035,77.4035,-276.0604,144.448,-478.073
9.33333,-1.26114,83.40597,-285.4458,147.9609,-487.2096
9.36667,-1.26642,87.90096,-293.6883,151.1525,-495.0346
9.4,-1.27248,91.29828,-300.8369,153.1791,-502.0827
9.43333,-1.27619,93.52135,-306.734,154.62,-508.0923
9.46667,-1.27545,94.01362,-311.2825,155.1645,-512.2751
9.5,-1.27439,93.41502,-314.6408,154.6916,-515.2837
9.53333,-1.27057,91.17624,-316.3075,153.1691,-516.5557
9.56667,-1.26505,88.24287,-316.2791,151.3308,-516.1529
9.6,-1.25547,83.37438,-315.11,148.5121,-514.7912
9.63333,-1.24377,77.43906,-312.4135,144.7803,-510.9407
9.66667,-1.23079,70.6513,-307.8067,141.0314,-506.7633
9.7,-1.2134,62.29286,-302.4884,136.2967,-500.6571
9.73333,-1.19533,53.08671,-295.6757,130.8584,-492.9841
9.76667,-1.17424,43.39339,-287.8268,125.6508,-484.2668
9.8,-1.15371,33.34966,-278.8624,119.8889,-474.1739
9.83333,-1.13088,22.89963,-269.4595,114.1839,-463.3998
9.86667,-1.10324,11.70278,-259.7589,108.4352,-451.3477
9.9,-1.07522,0.87967,-249.8169,103.1694,-439.0411
9.93333,-1.0456,-10.20908,-239.8958,97.82746,-426.3302
9.96667,-1.01332,-21.16406,-229.8128,93.25141,-413.3355
10,-0.98042,-31.29791,-220.2648,89.09595,-399.9297
10.03333,-0.9464,-40.92225,-211.5855,85.56498,-387.1243
10.06667,-0.90989,-50.06419,-203.6829,82.8008,-374.558
10.1,-0.87334,-57.92449,-196.7942,81.32989,-362.9781
10.13333,-0.83354,-65.03744,-191.546,80.67248,-352.0077
10.16667,-0.79266,-71.14126,-187.2068,80.88975,-341.4608
10.2,-0.75023,-75.88988,-184.5769,82.43418,-332.1397
10.23333,-0.70598,-79.69599,-183.6249,84.74231,-323.8189
10.26667,-0.66268,-82.18786,-184.336,88.10155,-317.2307
10.3,-0.61867,-83.41547,-186.6037,92.46175,-311.8116
10.33333,-0.56877,-83.85316,-190.76,97.61999,-306.7638
10.36667,-0.52269,-82.70148,-196.8156,103.9109,-304.3315
10.4,-0.472,-80.51629,-204.9403,110.9801,-302.6952
10.43333,-0.42116,-77.17833,-214.5068,118.5901,-302.2033
10.46667,-0.3715,-73.27026,-225.5031,126.2306,-303.2268
10.5,-0.31946,-68.06079,-237.7548,134.9628,-304.9125
10.53333,-0.26549,-62.32989,-251.6094,143.9773,-307.7057
10.56667,-0.21411,-56.00619,-266.3916,152.7013,-311.7737
10.6,-0.15825,-48.91638,-282.2812,161.5943,-315.875
10.63333,-0.10651,-41.56503,-298.5272,170.1039,-321.1572
10.66667,-0.05404,-34.1202,-315.4191,178.2959,-326.9095
10.7,0.00233,-26.62283,-332.9178,186.053,-332.423
10.73333,0.05799,-18.81904,-349.7053,192.719,-337.4241
10.76667,0.11148,-11.62506,-366.6487,198.6627,-343.1086
10.8,0.1673,-4.95186,-383.2683,203.9066,-347.9956
10.83333,0.2185,1.43898,-398.6607,207.9986,-352.795
10.86667,0.27407,7.46445,-413.4024,210.8674,-356.216
10.9,0.32339,12.37772,-426.7212,213.2186,-359.4074
10.93333,0.37517,16.78593,-438.7863,213.6112,-361.2719
10.96667,0.42465,19.60897,-449.0465,212.4351,-361.857
11,0.47391,21.98188,-458.3903,210.1997,-361.854
11.03333,0.52291,23.81646,-465.5125,207.0081,-359.9142
11.06667,0.57355,24.39484,-471.5874,202.1539,-356.7582
11.1,0.62176,24.71111,-475.5184,196.4294,-352.47
11.13333,0.67025,23.84052,-477.8888,189.4349,-346.6286
11.16667,0.71925,22.01264,-478.9001,180.9592,-339.7027
11.2,0.7654,19.51278,-478.108,171.8009,-331.7919
11.23333,0.81026,16.35586,-475.4242,161.5761,-322.7959
11.26667,0.85834,12.3342,-471.8188,150.5252,-311.8387
11.3,0.90657,8.53864,-466.3622,138.7196,-300.081
11.33333,0.95212,3.87232,-460.0466,126.5464,-287.7319
11.36667,0.99576,-0.71335,-452.6659,114.4709,-274.9399
11.4,1.03756,-5.24226,-444.9779,102.6606,-262.1753
11.43333,1.08114,-9.46406,-436.8252,90.79929,-248.6961
11.46667,1.1221,-13.47046,-428.0253,79.43822,-235.0467
11.5,1.16314,-16.78394,-418.6802,68.25175,-221.7691
11.53333,1.20191,-20.1908,-409.5638,57.23022,-209.2949
11.56667,1.23285,-23.78702,-400.2344,47.66734,-196.911
11.6,1.26898,-26.25938,-391.9908,38.11504,-185.214
11.63333,1.29683,-28.02564,-383.7691,30.5879,-175.2084
11.66667,1.32811,-29.46805,-376.9761,23.10103,-164.631
11.7,1.35162,-29.96706,-370.7403,17.57854,-157.2961
11.73333,1.37646,-29.13882,-366.2987,13.29148,-150.7156
11.76667,1.39956,-27.32363,-362.5352,10.16954,-145.726
11.8,1.41727,-24.95496,-360.0662,8.6722,-142.7608
11.83333,1.43425,-21.28812,-359.2585,8.63469,-141.4803
11.86667,1.44955,-17.04249,-359.9882,9.58063,-141.4901
11.9,1.46197,-11.92807,-362.328,12.04091,-142.9581
11.93333,1.47006,-6.13061,-365.8829,16.06608,-146.2815
11.96667,1.48156,0.90647,-370.9232,20.59366,-150.8985
12,1.48609,7.93414,-377.2013,26.60751,-157.29
12.03333,1.48899,15.38779,-384.7291,33.43661,-164.5961
12.06667,1.48627,22.49002,-393.5124,41.1406,-173.3954
12.1,1.48463,30.17302,-402.6203,49.16836,-182.7247
12.13333,1.47925,37.85572,-412.5512,58.01544,-192.9563
12.16667,1.47158,45.41404,-422.825,67.12072,-204.7585
12.2,1.46432,52.97549,-433.4538,76.18505,-216.3081
12.23333,1.453,59.57148,-444.2871,85.23399,-227.4363
12.26667,1.44008,65.41906,-454.9437,93.88632,-238.4108
12.3,1.42687,71.01685,-465.2657,102.2169,-249.9933
12.33333,1.4099,75.72383,-475.1947,110.5092,-260.8611
12.36667,1.39214,79.45535,-484.229,117.9291,-271.1723
12.4,1.37384,82.20474,-492.2833,124.4889,-280.3752
12.43333,1.3519,83.84879,-499.34,130.5537,-289.39
12.46667,1.32557,83.54658,-505.32,135.8708,-296.2471
12.5,1.30298,82.81867,-510.1404,139.8896,-302.1641
12.53333,1.27537,80.40238,-512.8687,143.0052,-307.1619
12.56667,1.24717,77.06794,-514.3693,145.3055,-310.9303
12.6,1.21558,72.41171,-514.3112,147.0958,-312.977
12.63333,1.18493,66.53987,-512.4407,147.1726,-313.9516
12.66667,1.14705,59.04989,-508.8659,147.1475,-313.5585
12.7,1.11443,51.32785,-504.0467,145.5164,-312.1892
12.73333,1.07908,42.39962,-497.6014,143.4993,-308.8418
12.76667,1.04053,32.79198,-489.1394,140.3849,-305.6204
12.8,1.00012,22.37472,-479.5093,137.379,-300.3516
12.83333,0.96126,11.1651,-468.4916,133.8818,-292.7361
12.86667,0.91933,0.06459,-456.0977,129.9257,-285.7938
12.9,0.87431,-11.26852,-443.079,125.6739,-279.3309
12.93333,0.82929,-22.26723,-428.9474,121.6089,-271.8533
12.96667,0.78605,-34.44237,-414.3025,116.8029,-262.8614
13,0.73869,-45.421,-399.3111,112.3862,-255.5975
13.03333,0.69437,-55.13909,-384.6693,109.6881,-247.416
13.06667,0.64145,-65.01063,-369.1232,106.5397,-241.009
13.1,0.59158,-74.11236,-354.0905,103.6853,-234.6376
13.13333,0.541,-82.13585,-339.5799,101.5116,-229.2475
13.16667,0.48942,-89.16744,-325.1981,99.9268,-224.479
13.2,0.43985,-95.10287,-312.5271,98.8106,-221.2711
13.23333,0.38644,-99.56248,-300.3813,99.11979,-219.5366
13.26667,0.33273,-102.7709,-289.1525,99.7989,-219.1494
13.3,0.28127,-104.4965,-279.5794,101.4255,-220.0824
13.33333,0.22663,-104.8077,-271.571,103.562,-223.522
13.36667,0.17396,-103.869,-264.6147,107.025,-227.5535
13.4,0.11914,-101.1563,-259.2964,111.0278,-233.8968
13.43333,0.06232,-97.66057,-255.4508,115.9274,-242.123
13.46667,0.00826,-92.65652,-253.2386,121.4413,-251.4696
13.5,-0.04501,-86.33852,-252.5872,127.2634,-262.2088
13.53333,-0.09833,-79.33614,-253.3433,133.6146,-274.3505
13.56667,-0.15157,-71.39628,-255.1949,139.8445,-287.4608
13.6,-0.2078,-62.39382,-258.1275,147.2264,-302.3239
13.63333,-0.25788,-52.98335,-262.732,153.8915,-317.2948
13.66667,-0.31476,-42.43067,-267.6745,160.8953,-333.8739
13.7,-0.36375,-32.32918,-273.7259,167.3574,-349.744
13.73333,-0.41417,-21.88595,-280.1965,173.2136,-365.9629
13.76667,-0.46553,-11.46609,-286.9376,178.406,-382.3213
13.8,-0.51195,-1.35701,-293.6869,182.9358,-397.2448
13.83333,-0.55709,8.25652,-300.7282,187.0001,-412.0688
13.86667,-0.60508,17.72741,-307.3239,190.5513,-426.8515
13.9,-0.65014,26.25922,-313.7784,192.8014,-440.4224
13.93333,-0.695,34.06505,-319.0605,194.4007,-452.7451
13.96667,-0.73896,41.01773,-323.9648,194.8186,-464.1049
14,-0.78396,47.10322,-327.2728,194.2205,-473.9679
14.03333,-0.82634,51.98296,-330.0574,192.5625,-482.647
14.06667,-0.86432,55.5052,-331.5709,190.039,-489.2113
14.1,-0.90319,58.2285,-331.5292,186.7515,-494.5547
14.13333,-0.9402,59.47776,-330.3731,181.9301,-498.1108
14.16667,-0.97606,59.59189,-327.7869,176.4251,-500.5067
14.2,-1.00878,58.64878,-324.2175,169.6478,-500.4725
14.23333,-1.04008,56.46192,-318.8227,162.2532,-499.0822
14.26667,-1.06731,53.26829,-312.5511,154.6149,-496.5394
14.3,-1.09208,49.2106,-304.6984,146.1393,-491.4669
14.33333,-1.11868,44.43462,-295.6258,136.8203,-485.8495
14.36667,-1.14105,38.85924,-285.8295,127.398,-479.0109
14.4,-1.15915,32.83935,-275.1414,118.1425,-470.5254
14.43333,-1.17876,26.47441,-263.8822,108.2669,-461.7188
14.46667,-1.19531,19.91583,-252.3391,98.70505,-452.2184
14.5,-1.20879,12.98315,-240.1052,89.15978,-441.26
14.53333,-1.22226,6.68808,-228.3695,80.37562,-431.1597
14.56667,-1.23008,-0.05855,-216.3633,72.09126,-419.8667
14.6,-1.23813,-6.39947,-204.6518,64.39337,-409.5482
14.63333,-1.24397,-12.06036,-194.1406,57.51817,-399.4006
14.66667,-1.24846,-17.30201,-184.3724,51.52529,-390.4491
14.7,-1.24841,-21.87741,-175.0872,46.89532,-380.9696
14.73333,-1.2493,-25.41066,-167.2589,43.36737,-373.7709
14.76667,-1.2487,-28.20549,-160.3818,40.77267,-367.0781
14.8,-1.24269,-30.24477,-155.1968,39.87235,-361.1746
14.83333,-1.23407,-31.51959,-151.2874,40.57842,-357.2478
14.86667,-1.2266,-31.37723,-149.1852,42.03303,-353.9752
14.9,-1.21633,-30.67096,-148.5525,44.88623,-352.7082
14.93333,-1.2047,-28.89153,-149.2946,49.2211,-353.0427
14.96667,-1.18932,-26.3913,-152.7037,54.74244,-354.9701
15,-1.17158,-23.40737,-156.815,61.17592,-357.3091
15.03333,-1.15215,-19.57763,-163.0306,68.72149,-361.4795
15.06667,-1.1321,-14.89839,-170.2493,77.3546,-366.8728
15.1,-1.11126,-10.0205,-178.9683,86.19073,-373.3834
15.13333,-1.08669,-4.6487,-189.0647,96.00124,-380.4714
15.16667,-1.05913,0.65411,-200.2347,106.1462,-388.0921
15.2,-1.03022,6.17914,-212.2291,116.7443,-396.4379
15.23333,-1.00152,11.59056,-224.8445,127.1311,-405.3909
15.26667,-0.96864,16.88221,-237.9599,137.9274,-414.0733
15.3,-0.93431,21.54406,-251.896,148.2975,-423.3937
15.33333,-0.8994,25.89967,-265.5039,157.9497,-431.704
15.36667,-0.8637,29.58719,-278.7229,167.1844,-439.751
15.4,-0.82158,32.59567,-292.5241,176.1362,-446.8461
15.43333,-0.78239,35.10917,-304.9801,183.8194,-452.7992
15.46667,-0.74016,36.46407,-316.9871,191.1582,-458.281
15.5,-0.69473,36.71222,-328.1792,197.0988,-461.8327
15.53333,-0.64815,36.04058,-338.5517,202.3114,-464.4667
15.56667,-0.60449,34.37752,-347.4277,206.1234,-466.0615
15.6,-0.55763,31.83375,-355.3918,208.6464,-465.6605
15.63333,-0.50714,28.11647,-362.5042,210.6609,-463.9276
15.66667,-0.45896,23.62823,-367.6375,210.8544,-460.1557
15.7,-0.40636,17.92004,-371.9008,210.2592,-454.6656
15.73333,-0.35711,11.6654,-374.3678,208.5279,-447.8178
15.76667,-0.30799,4.63253,-375.5249,205.6749,-439.4783
15.8,-0.25636,-2.77327,-375.6069,201.8935,-429.2557
15.83333,-0.20527,-10.76186,-374.4893,196.9918,-417.7442
15.86667,-0.15351,-19.01358,-372.3465,191.0935,-404.8555
15.9,-0.10433,-27.4527,-368.7587,185.0406,-391.0089
15.93333,-0.0495,-36.24933,-364.8724,177.4866,-375.4614
15.96667,0.00326,-45.01895,-360.1005,169.4397,-359.4007
16,0.05729,-52.82478,-355.0169,161.1086,-342.7469
16.03333,0.11254,-60.53346,-349.2126,152.4224,-325.1448
16.06667,0.16897,-67.75609,-343.8986,143.9175,-307.7878
16.1,0.22391,-74.04735,-338.2093,135.0892,-290.5822
16.13333,0.27933,-79.73259,-332.9511,126.532,-273.7878
16.16667,0.3343,-84.21688,-328.058,118.1678,-257.7615
16.2,0.38828,-88.00057,-323.9916,110.5103,-242.7907
16.23333,0.44577,-90.22304,-320.4281,102.993,-228.1005
16.26667,0.49894,-91.47115,-317.9392,96.95267,-215.2624
16.3,0.55484,-91.82944,-316.4324,90.36426,-203.5127
16.33333,0.60734,-90.11328,-315.7247,85.48105,-193.6923
16.36667,0.66078,-87.68135,-316.8048,81.60447,-185.2087
16.4,0.70961,-83.72912,-318.8388,79.23009,-178.881
16.43333,0.75913,-78.70967,-322.4798,77.05197,-174.6929
16.46667,0.80587,-72.49476,-326.691,75.98018,-172.0101
16.5,0.85301,-65.16132,-333.2216,76.37946,-171.1191
16.53333,0.89579,-57.0635,-340.1941,77.567,-171.9962
16.56667,0.93816,-47.85424,-348.2781,79.54573,-174.5115
16.6,0.98214,-37.60807,-357.7173,82.29474,-178.1179
16.63333,1.0243,-26.84175,-368.4698,85.57676,-183.6611
16.66667,1.06291,-15.54679,-379.8361,89.75955,-190.6358
16.7,1.10036,-4.73943,-391.8456,93.67905,-198.3026
16.73333,1.13051,5.72351,-403.9022,98.21354,-207.5868
16.76667,1.16233,16.3847,-415.8324,102.4698,-216.9341
16.8,1.19395,27.35355,-428.3028,107.0599,-226.9011
16.83333,1.2213,37.86656,-440.9273,111.9565,-237.639
16.86667,1.2495,47.70801,-453.1303,115.9518,-248.0903
16.9,1.27592,56.9893,-464.3758,119.6983,-257.9109
16.93333,1.30098,65.70467,-475.2829,123.1682,-267.5053
16.96667,1.32312,72.63212,-485.3719,125.4791,-276.3847
17,1.3447,78.9978,-494.0129,127.2236,-284.3671
17.03333,1.36189,84.36195,-502.3435,128.9533,-292.0086
17.06667,1.38052,88.8917,-508.8809,129.3857,-298.6367
17.1,1.39689,91.72473,-514.3347,128.7429,-303.6164
17.13333,1.41013,93.47918,-518.0325,127.534,-307.8999
17.16667,1.42136,93.80883,-520.4611,125.5649,-309.5363
17.2,1.42963,92.60575,-521.1247,122.578,-310.221
17.23333,1.44133,90.92443,-520.6368,118.4802,-308.9896
17.26667,1.448,87.59006,-518.7218,113.7399,-306.8318
17.3,1.45263,83.05921,-515.229,108.2718,-302.8561
17.33333,1.45482,77.53499,-510.2068,102.3371,-297.3096
17.36667,1.45617,71.018,-503.6589,95.57097,-290.3972
17.4,1.4575,64.148,-496.6387,88.56281,-282.0747
17.43333,1.45666,56.75577,-488.0522,81.42177,-272.8728
17.46667,1.44999,48.11578,-478.4079,74.25592,-263.0823
17.5,1.44253,39.25411,-468.0948,67.09398,-252.2444
17.53333,1.43335,30.5702,-457.1237,60.43273,-241.2294
17.56667,1.42152,21.49704,-445.8719,53.93416,-230.1887
17.6,1.40806,12.40567,-434.4545,47.85097,-218.5777
17.63333,1.39463,3.65386,-422.9117,42.0014,-207.4877
17.66667,1.38126,-4.54946,-411.8598,36.72864,-196.6945
17.7,1.36198,-12.42493,-400.9513,33.04569,-186.3761
17.73333,1.3374,-20.48492,-390.73,30.34005,-176.9383
17.76667,1.31505,-27.50499,-381.3683,28.16525,-168.4611
17.8,1.28781,-33.43459,-372.4178,27.7032,-162.1746
17.83333,1.25983,-38.76468,-364.6711,28.14293,-156.489
17.86667,1.2281,-43.1593,-358.1907,30.44366,-151.8912
17.9,1.19656,-46.59651,-353.3363,33.49654,-149.4021
17.93333,1.16357,-48.66795,-349.3481,38.05245,-148.2986
17.96667,1.12776,-49.77269,-346.9156,44.00228,-149.285
18,1.08845,-49.95732,-346.0684,51.12974,-153.0072
18.03333,1.04936,-49.52166,-346.2176,59.12359,-157.0944
18.06667,1.00961,-47.85488,-347.7003,68.05973,-163.3
18.1,0.96674,-45.40779,-350.464,77.71261,-172.0585
18.13333,0.92396,-42.00874,-354.4491,88.39235,-181.784
18.16667,0.87767,-38.36427,-358.7825,99.56898,-192.7174
18.2,0.83404,-33.99365,-364.6017,111.3039,-204.4355
18.23333,0.78724,-29.20205,-370.8085,123.5014,-217.5419
18.26667,0.73785,-24.27568,-377.129,134.9318,-232.3835
18.3,0.68988,-19.37101,-384.1169,146.8658,-246.9501
18.33333,0.63811,-14.78153,-390.6623,157.6951,-262.7511
18.36667,0.58765,-10.52269,-397.1434,169.0441,-277.5233
18.4,0.5361,-5.93186,-403.5846,178.4142,-294.058
18.43333,0.48138,-2.35298,-408.806,186.7178,-310.0424
18.46667,0.42684,1.14611,-413.5797,195.1693,-325.3387
18.5,0.37371,4.70788,-417.7469,202.5198,-340.1776
18.53333,0.32074,7.48339,-421.0813,208.6226,-354.2615
18.56667,0.26757,9.50317,-423.091,213.6268,-367.132
18.6,0.21307,11.04339,-423.8319,217.1909,-379.2307
18.63333,0.16035,11.9226,-423.4478,219.8862,-389.8114
18.66667,0.10388,11.42272,-420.8941,220.8671,-399.0587
18.7,0.04886,10.53531,-417.1898,220.4967,-406.9232
18.73333,-0.00448,8.81817,-412.1744,219.0589,-413.1165
18.76667,-0.05737,6.08767,-405.6292,216.1721,-417.6954
18.8,-0.11538,2.95896,-397.0971,212.0029,-421.3232
18.83333,-0.1676,-0.59516,-387.8826,207.1414,-423.0286
18.86667,-0.22015,-5.11382,-377.0149,200.9169,-423.1195
18.9,-0.27574,-9.94074,-364.8459,193.7788,-422.488
18.93333,-0.32403,-15.39436,-352.0034,186.1183,-419.6854
18.96667,-0.37928,-20.53564,-337.7605,177.2492,-416.5924
19,-0.42997,-26.24494,-323.2824,168.1291,-412.4204
19.03333,-0.47945,-31.73436,-307.719,158.4753,-406.6109
19.06667,-0.52664,-37.35579,-292.5266,148.1162,-400.3624
19.1,-0.57567,-42.32649,-276.4541,138.4936,-393.806
19.13333,-0.61964,-47.13478,-261.4854,128.2373,-386.591
19.16667,-0.66587,-51.41026,-246.0608,118.6083,-379.6184
19.2,-0.70963,-54.94952,-231.7774,109.1512,-372.7213
19.23333,-0.75102,-57.90193,-218.1564,100.5608,-366.0818
19.26667,-0.79094,-59.87577,-205.6837,92.48279,-359.739
19.3,-0.83019,-60.82127,-194.3715,85.73182,-354.6772
19.33333,-0.86944,-60.97586,-184.0405,79.16634,-349.9652
19.36667,-0.90519,-60.19913,-175.4647,73.75699,-346.0822
19.4,-0.94261,-58.13287,-168.0308,69.43716,-343.666
19.43333,-0.97479,-55.59131,-162.5881,66.58496,-342.714
19.46667,-1.00511,-52.15385,-158.9071,64.60836,-342.8124
19.5,-1.03503,-47.17444,-157.0273,63.84755,-344.0329
19.53333,-1.06224,-41.43742,-156.5425,64.53411,-346.6386
19.56667,-1.08929,-34.92123,-157.7406,66.04345,-350.9639
19.6,-1.11602,-27.27446,-161.3457,68.47582,-357.1712
19.63333,-1.13764,-19.31168,-165.7493,72.28264,-363.8115
19.66667,-1.15704,-11.13948,-171.9389,76.78116,-372.1685
19.7,-1.17425,-2.20148,-179.4343,82.18132,-380.958
19.73333,-1.19187,7.32292,-187.6985,88.14967,-390.6927
19.76667,-1.20716,16.68434,-197.1742,94.21884,-400.9123
19.8,-1.21838,25.9892,-207.31,101.223,-411.8794
19.83333,-1.23101,35.29933,-218.0678,107.7446,-423.0101
19.86667,-1.24122,43.99373,-229.0538,114.2216,-434.3665
19.9,-1.24648,52.32247,-240.8082,121.1633,-445.5797
19.93333,-1.25252,60.12822,-252.0917,127.5978,-456.8666
19.96667,-1.25638,67.08531,-263.1327,133.5304,-467.4507
20,-1.2568,73.15819,-273.8392,139.3055,-477.5332
20.03333,-1.25472,78.22342,-283.6756,144.4482,-486.1748
20.06667,-1.25113,82.21876,-292.4532,148.9175,-493.9513
20.1,-1.24458,84.70882,-300.3704,152.5872,-501.0144
20.13333,-1.23722,86.01676,-306.7233,155.3357,-506.7615
20.16667,-1.22558,86.28364,-312.2586,157.7377,-510.9556
20.2,-1.21161,84.94674,-316.2143,158.913,-513.2113
20.23333,-1.19525,82.35564,-318.8796,159.5199,-514.5976
20.26667,-1.17598,78.38607,-319.8988,159.3886,-514.2927
20.3,-1.15461,73.12197,-319.594,158.1351,-511.9263
20.33333,-1.13242,67.07462,-317.4636,156.4763,-508.1689
20.36667,-1.10796,59.88986,-314.5026,153.9472,-502.9975
20.4,-1.07969,51.24407,-310.1281,150.8547,-496.3838
20.43333,-1.05013,41.84554,-304.34,147.428,-488.4581
20.46667,-1.0218,32.07747,-297.207,143.2268,-478.9049
20.5,-0.99034,21.46115,-289.6376,138.771,-468.5118
20.53333,-0.95509,10.45539,-281.8129,134.0312,-456.4924
20.56667,-0.92048,-0.53353,-273.2321,129.1218,-443.6728
20.6,-0.88313,-12.01132,-264.385,124.4521,-430.516
20.63333,-0.8445,-23.08378,-255.1881,119.8911,-416.1478
20.66667,-0.80721,-34.09552,-246.1582,115.1396,-402.0483
20.7,-0.76498,-44.69867,-237.6585,111.4736,-387.5814
20.73333,-0.72526,-54.44351,-230.3762,107.7957,-374.1886
20.76667,-0.6801,-63.38429,-223.5563,105.2761,-359.9742
20.8,-0.63735,-71.64992,-217.202,103.4281,-346.8365
20.83333,-0.59037,-78.74689,-212.9153,101.6849,-333.8208
20.86667,-0.54207,-84.94442,-209.6977,100.4154,-321.3293
20.9,-0.49456,-89.53308,-207.8299,100.6487,-310.3885
20.93333,-0.44445,-93.38636,-207.8641,101.1086,-300.4884
20.96667,-0.39442,-95.39669,-209.5626,102.9334,-292.1134
21,-0.34196,-96.65837,-212.6947,105.6501,-284.705
21.03333,-0.2895,-96.30592,-217.7206,109.1296,-278.9142
21.06667,-0.23595,-95.0723,-224.5446,113.5325,-274.699
21.1,-0.18301,-92.20885,-232.773,118.0574,-271.6894
21.13333,-0.12901,-88.28852,-242.7459,123.422,-270.2115
21.16667,-0.07371,-83.68836,-254.1709,129.6767,-269.9257
21.2,-0.02273,-77.4364,-266.518,135.874,-271.3683
21.23333,0.0312,-70.67373,-280.451,142.4515,-273.8002
21.26667,0.086,-63.17159,-295.2246,149.5173,-276.8879
21.3,0.13828,-54.9391,-311.0667,156.314,-281.6674
21.33333,0.19155,-46.12465,-327.0786,162.9154,-286.5402
21.36667,0.24641,-37.68364,-344.0854,169.2862,-292.0279
21.4,0.29971,-28.21995,-360.7492,175.0171,-297.945
21.43333,0.35216,-19.57503,-377.5712,180.301,-304.122
21.46667,0.40245,-10.82047,-393.9853,185.0837,-310.5912
21.5,0.45024,-2.49189,-409.3379,189.2329,-316.667
21.53333,0.49724,5.23294,-423.9427,191.9828,-322.588
21.56667,0.55014,12.78583,-438.3514,194.0368,-327.1902
21.6,0.59513,19.1459,-450.7814,195.1246,-331.641
21.63333,0.64088,25.05235,-462.0762,195.0958,-335.2395
21.66667,0.68894,30.13462,-472.1568,193.9264,-337.2665
21.7,0.73397,34.08804,-479.9672,191.2662,-338.1786
21.73333,0.77898,37.23792,-486.8902,187.7591,-338.2894
21.76667,0.82147,38.82188,-491.7584,182.5934,-337.2229
21.8,0.86618,40.07149,-495.2379,176.4606,-334.82
21.83333,0.90939,40.60648,-496.9324,169.763,-330.997
21.86667,0.95326,39.85626,-497.0204,161.8778,-325.2069
21.9,0.99371,38.36193,-495.3063,153.5943,-318.3
21.93333,1.03285,35.98544,-491.9262,144.0542,-310.7966
21.96667,1.07165,33.01537,-487.3454,134.0225,-302.0754
22,1.1105,29.55875,-481.3711,123.4772,-291.9496
22.03333,1.14713,25.29577,-474.0912,112.5016,-280.7188
22.06667,1.18042,20.66142,-466.1608,101.4884,-269.7387
22.1,1.2157,15.71209,-457.3024,89.7667,-257.592
22.13333,1.24665,10.30312,-447.5656,78.21692,-245.4386
22.16667,1.2771,5.72782,-437.7018,67.67972,-232.866
22.2,1.30776,1.45047,-427.591,57.16099,-220.7009
22.23333,1.33721,-2.6052,-417.7285,47.35192,-207.7618
22.26667,1.36178,-6.49163,-407.7446,38.33962,-196.3923
22.3,1.38073,-10.39989,-398.1459,30.47598,-185.6756
22.33333,1.40024,-13.58735,-389.688,23.21833,-175.9924
22.36667,1.41489,-16.49148,-382.0481,17.27312,-167.2291
22.4,1.43085,-17.90257,-375.2031,12.53196,-159.1527
22.43333,1.44284,-19.00624,-369.4232,8.82879,-153.07
22.46667,1.45375,-18.85265,-365.2085,6.70855,-147.8276
22.5,1.46228,-18.02851,-362.1887,5.67596,-144.6037
22.53333,1.46654,-16.64371,-360.5238,6.13187,-142.8659
22.56667,1.46846,-14.32715,-360.2861,8.01584,-142.7281
22.6,1.46943,-10.88288,-361.9973,11.32526,-143.6574
22.63333,1.46747,-6.60814,-364.9735,15.933,-147.5931
22.66667,1.46479,-2.01608,-369.2223,21.16745,-151.3335
22.7,1.45982,3.434,-375.0657,27.76158,-156.7612
22.73333,1.4524,9.02097,-382.0821,34.99677,-163.7145
22.76667,1.43998,14.8156,-389.8686,43.5127,-171.7548
22.8,1.42352,20.54441,-398.1381,52.72539,-181.2128
22.83333,1.40672,26.47657,-407.7485,62.18361,-192.0759
22.86667,1.38898,32.55412,-417.835,72.03954,-203.0583
22.9,1.36951,38.3099,-428.354,81.97706,-214.3475
22.93333,1.34795,44.15202,-438.7316,92.20146,-226.695
22.96667,1.32503,49.05273,-448.9246,101.9253,-238.1374
23,1.30003,53.44061,-459.2152,111.6466,-249.5304
23.03333,1.27668,57.43627,-468.4037,120.1396,-261.3916
23.06667,1.24572,60.10664,-476.9689,129.0039,-272.5455
23.1,1.21821,62.47827,-484.7691,137.0439,-282.1237
23.13333,1.18521,63.75173,-491.6086,144.5815,-292.4761
23.16667,1.15243,63.83545,-496.8046,151.0255,-300.7045
23.2,1.11633,62.33689,-501.0949,156.3587,-308.6529
23.23333,1.07673,59.34283,-503.2532,160.5137,-315.4221
23.26667,1.04105,56.1628,-504.2078,163.7233,-320.5232
23.3,1.00451,51.82614,-503.5378,166.0359,-323.8893
23.33333,0.96334,46.30265,-500.5314,167.6741,-325.9297
23.36667,0.92325,39.6474,-496.8615,168.1283,-326.9893
23.4,0.87882,32.40477,-490.5818,168.1507,-326.7694
23.43333,0.83617,24.19798,-483.0302,166.9362,-325.0097
23.46667,0.78998,15.09907,-474.0369,165.1936,-322.5618
23.5,0.74344,5.5329,-463.5302,162.161,-319.5245
23.53333,0.69952,-3.94956,-451.4917,158.9066,-314.4547
23.56667,0.65034,-14.44141,-438.0599,155.0198,-309.1441
23.6,0.60204,-24.95952,-423.9786,150.7718,-303.2264
23.63333,0.5547,-34.65442,-408.9546,146.5496,-296.6812
23.66667,0.50204,-45.19495,-393.3646,142.0968,-290.5507
23.7,0.45208,-55.04777,-376.8011,137.2608,-283.4127
23.73333,0.40358,-64.57096,-360.6502,132.8257,-276.3585
23.76667,0.34971,-73.40029,-344.0856,128.0347,-270.6213
23.8,0.29734,-81.09417,-327.6999,123.9326,-264.8742
23.83333,0.2458,-88.1717,-312.553,120.3608,-260.2385
23.86667,0.19066,-94.40077,-297.1923,116.6443,-256.4602
23.9,0.14029,-98.88346,-283.733,113.6884,-253.7149
23.93333,0.08761,-102.1443,-271.145,111.3345,-252.3934
23.96667,0.03512,-104.2084,-259.6613,110.1666,-252.1291
24,-0.01594,-104.9506,-249.7726,109.4919,-253.1917
24.03333,-0.06723,-104.1732,-241.2292,109.6543,-255.6269
24.06667,-0.12119,-102.2126,-234.1241,110.7187,-260.0565
24.1,-0.17251,-99.04258,-228.8779,112.3024,-265.7024
24.13333,-0.22623,-94.57605,-225.0115,114.6256,-273.1636
24.16667,-0.27831,-88.48425,-223.0421,117.3193,-281.8462
24.2,-0.32903,-81.66396,-222.5893,121.0885,-291.8177
24.23333,-0.38024,-73.84483,-223.5074,125.4683,-303.1717
24.26667,-0.43059,-64.70253,-225.7526,129.9355,-315.1565
24.3,-0.47807,-54.90715,-229.6806,135.0445,-328.1067
24.33333,-0.52926,-44.67825,-234.9577,140.0473,-343.0078
24.36667,-0.57273,-34.20928,-241.0305,145.1808,-356.7053
24.4,-0.62104,-23.38107,-247.9075,149.9853,-371.9478
24.43333,-0.66472,-12.48927,-255.5881,154.9791,-386.8324
24.46667,-0.70762,-1.61474,-263.5141,159.4859,-401.3197
24.5,-0.75072,9.13192,-271.6842,163.9264,-416.0989
24.53333,-0.79188,19.2646,-279.7181,167.6691,-430.0586
24.56667,-0.83207,29.01789,-287.7434,170.7351,-443.3479
24.6,-0.86915,37.99652,-295.8189,173.3106,-455.9352
24.63333,-0.90481,46.20626,-303.1319,175.1123,-467.1887
24.66667,-0.94107,53.62365,-309.2385,176.1585,-477.3958
24.7,-0.97397,59.47137,-314.3631,176.4077,-486.4597
24.73333,-1.00517,64.47419,-318.3553,175.8295,-493.7686
24.76667,-1.03445,68.00645,-321.5197,174.0456,-499.8927
24.8,-1.06648,70.95064,-322.9867,171.2865,-504.7798
24.83333,-1.08956,71.97029,-323.3836,168.2303,-507.7238
24.86667,-1.11348,72.24314,-322.2218,164.1307,-508.9431
24.9,-1.13559,71.23144,-319.6017,159.0841,-508.559
24.93333,-1.15732,68.91935,-315.2457,153.142,-507.1983
24.96667,-1.17413,65.34583,-309.9057,146.5437,-503.7549
25,-1.18592,60.92266,-303.2924,139.8916,-498.2422
25.03333,-1.19979,55.653,-295.3255,132.2881,-492.32
25.06667,-1.20917,49.15375,-286.0913,124.2447,-484.606
25.1,-1.21801,42.67646,-276.1688,116.4848,-476.6348
25.13333,-1.22582,35.52698,-265.4794,108.1167,-467.4869
25.16667,-1.22952,28.02083,-254.6348,99.8069,-456.7491
25.2,-1.23081,20.39391,-243.0047,92.12095,-445.7845
25.23333,-1.23269,12.6961,-231.4379,84.31801,-435.1341
25.26667,-1.22939,4.7537,-219.717,77.28329,-423.84
25.3,-1.22715,-2.66023,-208.3831,70.50269,-412.8364
25.33333,-1.22081,-9.89435,-197.7103,64.77557,-402.2773
25.36667,-1.21253,-16.46418,-188.1336,59.69248,-391.5324
25.4,-1.20503,-22.37933,-179.011,55.51771,-382.3982
25.43333,-1.1939,-27.67944,-171.0578,52.54887,-373.7485
25.46667,-1.18073,-32.147,-164.8899,50.66417,-366.3148
25.5,-1.16375,-35.82968,-159.5298,50.31472,-359.3423
25.53333,-1.14621,-38.44995,-155.9446,51.13305,-354.1016
25.56667,-1.12297,-40.3412,-154.3042,53.39244,-349.4272
25.6,-1.10185,-41.37612,-154.0521,56.34128,-346.9254
25.63333,-1.07772,-41.28188,-155.3525,61.0871,-345.8608
25.66667,-1.05196,-40.44569,-158.321,66.96418,-346.4247
25.7,-1.0257,-38.95022,-163.028,73.33481,-348.2018
25.73333,-0.99737,-36.35278,-169.1477,81.11165,-351.0329
25.76667,-0.96684,-32.92597,-177.1771,89.95907,-355.2819
25.8,-0.93151,-29.528,-186.7383,98.81392,-359.3727
25.83333,-0.89858,-25.44221,-197.3714,108.5666,-365.7524
25.86667,-0.86591,-20.94638,-209.1552,118.4752,-373.0489
25.9,-0.8272,-16.03018,-222.6197,128.687,-379.9713
25.93333,-0.78905,-11.14233,-235.9471,139.0069,-387.1959
25.96667,-0.74853,-6.46068,-250.2725,149.5225,-395.1579
26,-0.70608,-2.10576,-265.0092,159.6359,-402.933
26.03333,-0.66127,2.55572,-280.0027,169.5281,-409.9319
26.06667,-0.61648,6.58117,-294.7908,178.3594,-416.5139
26.1,-0.57219,10.02155,-309.468,186.6775,-423.2444
26.13333,-0.52412,13.06475,-323.7964,194.489,-428.6676
26.16667,-0.47645,15.39151,-336.9266,201.2166,-432.8327
26.2,-0.42653,16.88866,-349.9171,206.9351,-436.2784
26.23333,-0.37457,17.52498,-362.0887,211.2812,-438.2603
26.26667,-0.32278,17.35684,-372.7427,214.7611,-438.7699
26.3,-0.27325,16.49971,-381.8655,216.989,-438.0548
26.33333,-0.223,14.67991,-389.789,218.1262,-435.9239
26.36667,-0.17182,11.85912,-396.1854,218.1943,-431.9912
26.4,-0.12144,8.55119,-401.1705,216.5922,-426.5609
26.43333,-0.06788,4.54911,-404.8534,214.2949,-419.1125
26.46667,-0.0158,0.02528,-407.1906,210.3678,-410.5136
26.5,0.0344,-5.36408,-407.6852,205.7675,-400.4186
26.53333,0.08594,-11.22603,-407.2765,199.9566,-389.0837
26.56667,0.13875,-17.28212,-405.4931,193.0601,-376.1201
26.6,0.18739,-23.94391,-402.4176,185.6781,-362.671
26.63333,0.24282,-30.33497,-398.4608,176.8762,-347.1335
26.66667,0.29497,-37.39588,-393.9277,167.3292,-331.7251
26.7,0.35063,-43.70127,-388.5508,157.2822,-315.0436
26.73333,0.40432,-49.64171,-382.7425,147.5214,-298.3773
26.76667,0.45522,-54.79906,-376.1739,137.3751,-282.1021
26.8,0.50751,-60.09504,-369.9781,127.2593,-265.7909
26.83333,0.5606,-64.52025,-364.0684,117.4469,-249.8323
26.86667,0.61286,-68.05499,-357.9636,107.1799,-234.7409
26.9,0.66518,-70.86127,-352.8057,98.52349,-219.9343
26.93333,0.71453,-72.74633,-347.2833,89.28609,-206.7292
26.96667,0.76603,-73.37371,-343.7232,81.21657,-195.0095
27,0.81483,-73.00006,-340.847,74.3325,-184.5751
27.03333,0.86024,-71.99129,-338.6283,68.52351,-175.3318
27.06667,0.90426,-69.28254,-337.5317,63.59623,-168.6096
27.1,0.9462,-65.5776,-337.9359,60.11774,-163.5712
27.13333,0.98895,-60.98219,-339.6206,57.36264,-159.7137
27.16667,1.0307,-55.14092,-342.7536,55.8805,-157.5808
27.2,1.06689,-48.72651,-346.876,55.70126,-157.4846
27.23333,1.10451,-41.34683,-352.8607,56.19031,-159.0687
27.26667,1.1375,-32.76524,-359.3912,58.18414,-162.7926
27.3,1.17117,-23.51298,-367.2444,60.70931,-167.8338
27.33333,1.20487,-13.98029,-376.3524,63.62397,-173.8279
27.36667,1.23285,-3.87943,-385.9383,67.92592,-181.6152
27.4,1.25656,5.79457,-396.802,72.87776,-190.392
27.43333,1.27825,15.35269,-407.7711,78.00792,-199.7431
27.46667,1.30176,25.45605,-419.137,83.17549,-209.7968
27.5,1.32435,35.40684,-430.7705,88.4927,-219.7419
27.53333,1.34172,44.93401,-442.3484,94.06434,-231.6449
27.56667,1.35972,54.22644,-453.5362,99.53538,-242.0809
27.6,1.37277,62.5441,-464.7164,104.894,-253.6597
27.63333,1.38877,69.57538,-475.0731,108.5197,-263.4971
27.66667,1.40122,76.02973,-485.1015,112.4615,-272.3256
27.7,1.41062,81.97555,-494.1474,116.4021,-281.0531
27.73333,1.42032,86.87579,-501.7915,119.1342,-289.0391
27.76667,1.42219,90.08385,-508.5895,121.9443,-295.7748
27.8,1.42695,92.62726,-513.6232,123.314,-301.7655
27.83333,1.42945,93.70685,-517.5996,123.8769,-305.5813
27.86667,1.42909,93.44075,-519.9757,123.6468,-308.2439
27.9,1.43083,92.50351,-521.0673,122.3455,-309.2536
27.93333,1.42761,89.75373,-520.7315,120.3223,-308.7059
27.96667,1.42034,85.59299,-518.7697,117.6377,-307.3981
28,1.41517,80.90623,-515.4609,114.1808,-303.3789
28.03333,1.40433,74.62203,-510.1923,110.2269,-298.2889
28.06667,1.39483,67.60125,-503.8015,105.2825,-291.8747
28.1,1.38376,59.9924,-496.5096,100.059,-284.7999
28.13333,1.36892,51.3944,-487.6997,94.56324,-276.7785
28.16667,1.35315,42.48627,-478.0568,89.11214,-267.2257
28.2,1.33297,32.86673,-467.7591,83.95935,-256.9951
28.23333,1.31477,23.36565,-456.5598,78.30657,-246.6809
28.26667,1.29301,13.20902,-444.348,72.87464,-235.1143
28.3,1.26904,3.12274,-432.2554,67.68191,-224.841
28.33333,1.24729,-5.80232,-420.6378,63.41792,-214.1857
28.36667,1.22099,-15.33826,-408.6462,59.32082,-203.9968
28.4,1.18956,-24.58369,-396.7178,56.24772,-195.065
28.43333,1.1584,-32.97725,-385.3047,54.11525,-186.2274
28.46667,1.123,-41.25025,-374.6089,52.62789,-179.1658
28.5,1.0881,-48.64711,-364.5571,52.14281,-172.2246
28.53333,1.05218,-54.5067,-355.7716,52.99883,-167.4054
28.56667,1.01212,-59.8887,-347.7512,54.90048,-164.1189
28.6,0.97388,-63.90481,-341.507,57.64194,-162.6601
28.63333,0.93211,-67.00652,-335.8745,61.91399,-162.2463
28.66667,0.89138,-68.82241,-332.5175,67.00469,-164.3531
28.7,0.84562,-70.03382,-329.3054,73.23707,-167.65
28.73333,0.80064,-69.65142,-327.8046,80.39951,-173.1098
28.76667,0.75239,-68.59147,-327.8914,88.78621,-180.5745
28.8,0.70361,-66.33663,-328.6137,97.6912,-189.4407
28.83333,0.65714,-63.30016,-331.3078,107.3959,-199.6104
28.86667,0.60579,-59.53164,-334.3452,117.2737,-211.8761
28.9,0.55736,-54.93177,-337.8841,126.9712,-224.5086
28.93333,0.50534,-49.97211,-343.0178,138.4227,-238.7881
28.96667,0.45246,-44.05271,-348.1347,148.4137,-254.578
29,0.4009,-38.47078,-354.2568,159.1508,-270.4937
29.03333,0.35032,-32.19546,-359.88,168.9258,-286.393
29.06667,0.29758,-25.82159,-365.9806,178.1805,-303.4156
29.1,0.24486,-19.88837,-371.8621,186.951,-320.1777
29.13333,0.1923,-14.28743,-376.8214,194.3535,-336.198
29.16667,0.1369,-9.2298,-381.8887,201.3093,-352.8852
29.2,0.08528,-3.59618,-385.9527,207.3316,-367.9221
29.23333,0.03177,1.13931,-389.2353,211.9818,-382.5355
29.26667,-0.01824,5.45745,-391.4698,215.3356,-395.2981
29.3,-0.07143,8.80895,-392.667,217.7473,-407.6176
29.33333,-0.12475,11.25815,-392.5243,219.0139,-418.5768
29.36667,-0.17862,13.58273,-390.8325,219.396,-427.9919
29.4,-0.23172,14.78259,-388.0545,217.9574,-435.9954
29.43333,-0.28358,14.90767,-383.7988,215.5601,-442.2749
29.46667,-0.33583,14.51013,-378.2555,212.0708,-447.2134
29.5,-0.38568,13.11415,-371.2968,207.4928,-450.2179
29.53333,-0.43549,11.30554,-363.074,201.4922,-451.5651
29.56667,-0.48489,8.70645,-353.3542,194.7107,-451.3487
29.6,-0.5321,5.17553,-342.5741,186.8871,-449.5551
29.63333,-0.58131,1.6424,-330.5147,178.3107,-446.5921
29.66667,-0.62908,-2.78048,-317.55,169.158,-442.6704
29.7,-0.67305,-7.23976,-304.4493,159.2795,-437.2035
29.73333,-0.71631,-12.05793,-290.4341,149.0702,-430.7054
29.76667,-0.75758,-17.18579,-275.9458,139.0928,-423.7628
29.8,-0.79782,-21.82426,-262.0539,128.5314,-416.1912
29.83333,-0.8355,-26.52613,-247.5853,118.2613,-407.661
29.86667,-0.8712,-30.69505,-233.874,108.3216,-399.055
29.9,-0.90803,-34.46104,-220.3944,99.13061,-391.5441
29.93333,-0.94139,-38.01089,-207.3109,90.17722,-383.3437
29.96667,-0.97299,-40.53376,-195.6689,81.94933,-375.5488
30,-1.00145,-42.38807,-185.4676,74.85962,-368.6547
30.03333,-1.02985,-43.71258,-175.846,68.47757,-362.6059
30.06667,-1.0557,-43.72944,-167.9468,63.43673,-357.2636
30.1,-1.08214,-43.01745,-161.2068,59.2506,-353.5621
30.13333,-1.1036,-41.67959,-156.3231,56.3998,-350.7558
30.16667,-1.12219,-39.38892,-153.3722,54.86378,-349.1883
30.2,-1.14115,-35.92898,-151.4775,54.73437,-349.3493
30.23333,-1.16043,-31.82861,-151.4362,55.0384,-351.0972
30.26667,-1.17664,-26.75285,-153.1842,57.06906,-354.7186
30.3,-1.19111,-20.77585,-156.2769,60.01213,-358.7274
30.33333,-1.20214,-14.76522,-160.9997,63.94745,-364.7497
30.36667,-1.21143,-7.52274,-167.4839,69.31667,-372.0172
30.4,-1.21663,-0.48029,-175.0262,75.26016,-379.8637
30.43333,-1.22349,7.22963,-183.9218,81.44125,-388.9376
30.46667,-1.22453,14.78057,-193.9664,88.5168,-398.3326
30.5,-1.22742,23.00654,-204.3763,95.98526,-408.4886
30.53333,-1.22577,30.60104,-215.3267,103.8301,-419.0771
30.56667,-1.2246,38.0798,-226.5665,111.406,-429.8393
30.6,-1.21979,45.16713,-238.2611,119.2144,-440.4797
30.63333,-1.21198,51.60152,-250.0996,126.9319,-450.9547
30.66667,-1.20212,57.3383,-261.9364,134.4956,-461.6494
30.7,-1.1918,62.1517,-272.9189,141.2424,-471.5153
30.73333,-1.17688,66.5762,-283.629,147.9159,-479.3268
30.76667,-1.16288,69.7783,-293.0606,153.7328,-487.328
30.8,-1.14454,71.62361,-301.7104,158.708,-493.484
30.83333,-1.1236,72.44627,-309.3106,163.1505,-498.4361
30.86667,-1.10137,72.04074,-315.7537,166.6864,-502.3406
30.9,-1.07813,70.6501,-320.9137,169.3131,-504.7065
30.93333,-1.05362,67.93487,-324.6832,170.9736,-505.8287
30.96667,-1.02585,63.64253,-326.6781,171.9764,-505.3939
31,-0.99234,58.18671,-327.4536,172.7842,-502.9562
31.03333,-0.95968,51.83402,-326.9402,172.2094,-498.7614
31.06667,-0.9252,44.35742,-325.3015,170.7187,-493.0499
31.1,-0.88899,35.95906,-322.033,168.6603,-485.5281
31.13333,-0.8529,26.81048,-317.3921,165.8312,-476.5728
31.16667,-0.81354,17.03119,-312.5651,162.6734,-466.6435
31.2,-0.77629,6.62036,-306.0016,158.8213,-455.454
31.23333,-0.73486,-4.06558,-299.1707,154.615,-442.5724
31.26667,-0.69318,-14.82146,-291.7354,150.1311,-428.7612
31.3,-0.64909,-25.68875,-284.4374,145.4754,-414.3128
31.33333,-0.60405,-36.42671,-276.6606,140.3803,-398.6741
31.36667,-0.56125,-47.06639,-269.2326,135.5342,-384.0331
31.4,-0.5159,-56.90011,-262.1064,131.323,-368.853
31.43333,-0.46757,-66.11424,-255.6966,126.9534,-353.1791
31.46667,-0.41625,-74.67055,-249.8638,123.1968,-337.3365
31.5,-0.36709,-82.16649,-245.1358,120.1451,-322.9293
31.53333,-0.31516,-88.84786,-241.3272,116.8458,-308.3888
31.56667,-0.2632,-94.13818,-238.707,114.5607,-294.9409
31.6,-0.20985,-98.20895,-237.8068,112.6865,-282.7234
31.63333,-0.15701,-101.1933,-238.3369,111.3896,-271.9925
31.66667,-0.10774,-102.7315,-239.8541,111.0615,-262.978
31.7,-0.05253,-103.1898,-243.5079,111.3043,-254.7861
31.73333,6.59E-04,-101.965,-248.2926,112.6543,-248.1511
31.76667,0.05581,-99.3699,-255.0815,114.8755,-243.1129
31.8,0.11168,-96.14769,-263.4101,117.2899,-239.4728
31.83333,0.16666,-91.34974,-272.9351,120.2781,-237.336
31.86667,0.21954,-85.3418,-283.9617,124.0329,-237.2434
31.9,0.27151,-78.48693,-295.8968,128.3811,-238.3083
31.93333,0.32386,-70.28015,-309.3226,133.2157,-241.0142
31.96667,0.37645,-61.77439,-323.5689,137.7378,-244.7017
32,0.42616,-52.57554,-338.3708,142.8799,-249.6373
32.03333,0.47736,-42.52688,-353.8803,147.8782,-255.3914
32.06667,0.52825,-32.22199,-370.0704,152.972,-261.997
32.1,0.57579,-22.50231,-385.8121,157.7483,-268.8001
32.13333,0.62323,-12.64799,-401.002,161.5136,-275.8165
32.16667,0.66672,-3.18215,-415.942,165.0342,-283.5678
32.2,0.71347,6.04184,-430.7402,168.0036,-290.5499
32.23333,0.757,15.01846,-444.4746,170.8088,-297.2892
32.26667,0.80028,23.12038,-457.364,172.1673,-303.8127
32.3,0.84133,30.97564,-468.8512,173.3583,-309.5773
32.33333,0.88297,38.06036,-479.2179,173.2731,-314.6626
32.36667,0.92361,43.28821,-487.9093,171.3658,-318.445
32.4,0.9608,47.86489,-495.0204,168.8608,-321.8992
32.43333,0.99808,51.81282,-500.8858,166.1953,-323.4945
32.46667,1.03544,54.58376,-504.9384,162.1725,-323.5503
32.5,1.07018,56.23734,-507.6387,157.5875,-322.3883
32.53333,1.10564,56.57521,-508.5024,151.6888,-318.9912
32.56667,1.14026,56.32187,-507.7101,144.9218,-314.7965
32.6,1.17036,55.11287,-505.3419,137.4455,-310.8432
32.63333,1.20256,52.94773,-501.5158,129.1652,-303.9751
32.66667,1.23321,49.81459,-496.3221,120.1267,-296.0173
32.7,1.25934,45.79343,-489.7572,110.9662,-287.3166
32.73333,1.28648,41.3044,-482.0863,101.2345,-277.0137
32.76667,1.31038,36.41005,-473.5893,91.65148,-266.2823
32.8,1.33461,30.81223,-463.9838,81.12256,-254.9484
32.83333,1.357,25.60715,-454.0694,71.41387,-243.0916
32.86667,1.37584,19.76762,-443.4679,61.89987,-230.0976
32.9,1.39366,14.38088,-433.1442,52.99939,-217.4184
32.93333,1.40905,9.05068,-422.2367,44.33654,-205.988
32.96667,1.42421,4.28998,-412.0493,36.35962,-194.8482
33,1.43448,-0.89948,-402.3544,28.98772,-184.4674
33.03333,1.44371,-5.0705,-393.079,22.8596,-174.4905
33.06667,1.44778,-9.36242,-384.5422,17.67794,-165.8439
33.1,1.45068,-12.91603,-376.7673,13.42126,-158.5623
33.13333,1.45179,-15.42243,-370.8434,10.82622,-151.3205
33.16667,1.4502,-17.23933,-365.9471,9.3396,-146.6124
33.2,1.4468,-18.10153,-362.528,9.21265,-143.382
33.23333,1.43811,-18.79589,-359.9818,10.35131,-141.5974
33.26667,1.42979,-18.07398,-359.2987,12.86479,-141.3365
33.3,1.42079,-16.39935,-359.9791,16.46695,-142.5212
33.33333,1.40876,-14.00168,-362.827,21.5816,-145.1488
33.36667,1.3954,-10.89703,-366.3978,27.49914,-149.7416
33.4,1.37863,-7.14078,-371.4044,34.9121,-155.2746
33.43333,1.36034,-2.91947,-377.7419,43.09017,-162.3628
33.46667,1.33802,1.58273,-384.9354,52.29471,-171.0271
33.5,1.31342,6.16195,-393.2505,62.14282,-180.5688
33.53333,1.28714,10.91996,-402.1106,72.39757,-191.2227
33.56667,1.2568,15.28897,-411.0629,82.97322,-202.6358
33.6,1.22804,19.9589,-420.5429,93.37455,-214.8022
33.63333,1.19598,24.87195,-429.8259,104.5749,-227.232
33.66667,1.16242,28.59076,-439.8628,114.7867,-240.6596
33.7,1.12629,32.40201,-449.0779,125.5993,-253.4072
33.73333,1.09416,35.86449,-457.6785,135.1913,-265.3134
33.76667,1.05575,38.37832,-465.5732,144.6731,-277.7722
33.8,1.01856,40.53093,-472.5743,153.2263,-289.682
33.83333,0.97562,41.53103,-478.0165,161.4288,-300.9367
33.86667,0.93377,40.81615,-482.7753,167.4314,-311.6564
33.9,0.89351,40.07482,-485.98,173.5098,-320.0543
33.93333,0.84872,38.02814,-487.3188,178.7174,-327.5797
33.96667,0.80658,35.52486,-487.385,182.3957,-334.1575
34,0.7601,32.23703,-485.5985,185.8248,-339.5911
34.03333,0.7126,27.61954,-482.1547,187.6209,-343.9051
34.06667,0.66526,22.32755,-476.9499,188.8911,-346.2689
34.1,0.61915,16.3123,-470.343,188.9521,-347.316
34.13333,0.57023,9.52988,-462.1382,188.0913,-347.6275
34.16667,0.52117,1.79719,-452.2984,186.0507,-346.5149
34.2,0.47234,-6.18156,-440.8846,183.1706,-344.1423
34.23333,0.42133,-14.57719,-428.2646,179.9573,-341.0813
34.26667,0.37229,-23.36825,-414.2991,175.4394,-336.6645
34.3,0.31622,-32.63977,-398.9114,170.2499,-332.5259
34.33333,0.26725,-41.52664,-383.2503,165.0431,-326.6919
34.36667,0.21307,-50.14101,-366.7234,159.305,-321.4079
34.4,0.16285,-58.68479,-349.9249,152.8769,-315.1639
34.43333,0.11261,-66.56453,-333.3137,147.2937,-309.1285
34.46667,0.05847,-73.64597,-316.2502,140.653,-303.7062
34.5,0.00727,-80.16897,-299.7824,134.7559,-298.2193
34.53333,-0.04398,-85.87465,-284.3478,129.0163,-293.8043
34.56667,-0.09652,-90.31116,-269.1186,123.9842,-289.8676
34.6,-0.14789,-93.70019,-255.222,119.4929,-286.982
34.63333,-0.19955,-95.87118,-242.7894,114.8966,-285.4146
34.66667,-0.24901,-96.82746,-231.2445,111.7761,-284.2896
34.7,-0.29801,-96.46769,-221.3865,108.7129,-284.4083
34.73333,-0.34708,-95.33547,-213.0275,106.8198,-286.1522
34.76667,-0.39559,-92.52809,-206.4001,105.7303,-289.1945
34.8,-0.44504,-88.43567,-201.5816,105.4047,-294.035
34.83333,-0.49252,-83.3047,-198.3774,105.9182,-299.9199
34.86667,-0.53882,-77.32318,-196.6892,107.3305,-307.0808
34.9,-0.58447,-70.02792,-197.185,109.2743,-315.808
34.93333,-0.6305,-61.71329,-199.1024,112.1096,-325.9714
34.96667,-0.67292,-52.87755,-202.4515,115.2435,-336.4472
35,-0.71443,-42.91582,-207.1898,119.0139,-347.6255
35.03333,-0.75536,-32.85686,-213.3888,123.0924,-360.2402
35.06667,-0.79494,-22.13657,-220.5456,127.8076,-373.3804
35.1,-0.83184,-11.83178,-228.2369,131.9212,-386.0029
35.13333,-0.86972,-0.74817,-236.9611,136.9985,-400.1437
35.16667,-0.90622,9.79884,-246.1115,141.2584,-413.9054
35.2,-0.93826,20.03826,-255.7853,145.7116,-427.2327
35.23333,-0.97158,30.16688,-265.1871,149.6913,-440.1914
35.26667,-1.00097,39.53822,-274.456,153.5645,-452.4212
35.3,-1.02989,47.94478,-283.3183,156.5642,-464.152
35.33333,-1.05747,55.78704,-291.476,158.9307,-474.4411
35.36667,-1.08224,62.45589,-298.5412,160.9904,-483.9179
35.4,-1.10587,68.46092,-305.1267,162.2572,-492.1195
35.43333,-1.12845,72.76954,-310.5321,162.373,-499.7081
35.46667,-1.14719,76.47972,-314.5805,162.4078,-505.1473
35.5,-1.16518,78.65358,-316.974,161.2271,-509.2604
35.53333,-1.18071,79.31071,-318.1129,159.022,-511.9834
35.56667,-1.19395,79.09124,-317.9751,156.3163,-513.1063
35.6,-1.20458,77.85811,-316.505,152.9379,-512.2746
35.63333,-1.21284,74.70064,-313.3701,148.4702,-510.5798
35.66667,-1.21578,70.78048,-308.6626,144.1245,-506.5032
35.7,-1.22001,65.82585,-303.0541,138.3507,-501.2512
35.73333,-1.21947,59.50521,-295.6962,132.4811,-494.7963
35.76667,-1.21819,52.74659,-287.4187,126.3321,-487.3902
35.8,-1.21748,45.47033,-278.0333,119.4728,-478.6954
35.83333,-1.21227,37.45014,-268.0806,112.7666,-469.0762
35.86667,-1.20377,29.0285,-257.3713,106.233,-458.1891
35.9,-1.19547,20.51716,-246.2244,99.71163,-447.2261
35.93333,-1.18479,11.60634,-235.3426,93.07764,-435.8141
35.96667,-1.17258,2.92677,-224.5463,86.97594,-424.3322
36,-1.15511,-6.04505,-213.7737,81.46623,-412.0302
36.03333,-1.13886,-14.27699,-203.5341,76.71878,-400.9387
36.06667,-1.12219,-21.99405,-193.7929,72.41993,-389.9421
36.1,-1.09984,-29.27231,-185.5094,69.51024,-379.5179
36.13333,-1.07597,-36.10712,-177.8811,67.26744,-369.4576
36.16667,-1.05231,-41.84327,-171.5797,65.99746,-360.5918
36.2,-1.02619,-46.68333,-166.614,66.06454,-352.7578
36.23333,-0.99844,-50.84834,-163.431,66.95868,-346.2749
36.26667,-0.9686,-53.86877,-162.1976,69.15577,-341.1765
36.3,-0.93673,-55.96249,-162.4005,72.52579,-337.1271
36.33333,-0.90539,-57.01082,-164.4172,77.04461,-335.2327
36.36667,-0.87037,-57.48907,-167.94,82.53549,-334.039
36.4,-0.83325,-56.95131,-173.6984,88.9773,-334.305
36.43333,-0.79419,-55.16994,-180.8685,96.46317,-335.1917
36.46667,-0.75628,-52.902,-189.6316,104.1925,-337.8337
36.5,-0.71762,-49.83073,-199.7166,112.595,-341.4912
36.53333,-0.67708,-45.93752,-211.3902,121.447,-345.9405
36.56667,-0.63258,-41.74463,-224.495,130.7252,-350.9288
36.6,-0.58929,-37.24695,-238.2773,140.2295,-356.9249
36.63333,-0.5437,-32.19908,-253.0401,149.7471,-363.0219
36.66667,-0.49826,-27.12983,-268.2587,159.8074,-369.9605
36.7,-0.44991,-21.93577,-284.2149,169.197,-376.521
36.73333,-0.40143,-16.73645,-300.1598,177.9869,-382.8163
36.76667,-0.35165,-11.93626,-316.0074,186.2928,-388.7382
36.8,-0.29948,-7.23333,-332.1606,193.4035,-394.1112
36.83333,-0.25071,-2.99897,-347.0038,200.3768,-399.0883
36.86667,-0.19848,0.87042,-361.8053,205.9828,-403.059
36.9,-0.14505,3.64798,-375.3765,210.8724,-405.6477
36.93333,-0.09376,6.05508,-387.8919,214.6325,-407.505
36.96667,-0.04273,7.89492,-399.1679,217.1065,-408.1136
37,0.00677,9.09829,-409.2558,218.5343,-407.8388
37.03333,0.05916,9.48972,-417.7403,218.797,-405.3432
37.06667,0.11119,9.25418,-425.1144,218.1476,-401.7921
37.1,0.15973,7.93459,-430.4183,215.7273,-396.9415
37.13333,0.2113,5.61708,-434.429,211.6919,-390.2249
37.16667,0.25993,2.81764,-436.6163,206.9005,-382.3412
37.2,0.30959,-0.46934,-437.5428,201.1751,-373.0408
37.23333,0.36,-4.21238,-436.899,194.0206,-362.2845
37.26667,0.40812,-8.55266,-434.6372,186.563,-350.2686
37.3,0.46276,-13.06541,-431.7693,177.4654,-336.7157
37.33333,0.51254,-18.04785,-427.2949,167.2089,-323.0508
37.36667,0.56289,-22.79922,-421.8343,157.3299,-308.1766
37.4,0.6144,-27.63183,-415.9448,146.6773,-292.9706
37.43333,0.66374,-32.31165,-409.4073,136.3626,-277.4842
37.46667,0.71423,-36.44587,-402.4785,124.8247,-262.6702
37.5,0.7627,-40.65635,-394.9919,113.94,-247.2584
37.53333,0.81043,-44.0486,-387.7795,103.191,-232.9774
37.56667,0.8557,-47.40527,-380.659,93.24772,-218.6978
37.6,0.8995,-50.32572,-373.7252,83.53714,-205.2101
37.63333,0.94313,-52.15198,-367.3495,74.26589,-193.1101
37.66667,0.98617,-53.21156,-362.134,65.74832,-182.3815
37.7,1.02759,-53.5152,-357.2966,57.92962,-172.7234
37.73333,1.06545,-52.65329,-353.9912,52.04926,-164.7455
37.76667,1.10214,-51.02506,-351.1748,46.90687,-157.741
37.8,1.13835,-48.40621,-350.0009,42.62324,-152.79
37.83333,1.16892,-44.64134,-350.0826,40.08626,-150.7267
37.86667,1.19832,-39.97398,-351.8442,38.94132,-149.8658
37.9,1.22906,-34.35031,-354.814,38.47252,-150.0807
37.93333,1.25659,-27.92537,-358.791,39.07892,-152.6052
37.96667,1.28349,-20.49369,-364.8234,41.05787,-156.5114
38,1.31028,-12.88921,-371.7413,43.49662,-160.2174
38.03333,1.32772,-4.72475,-379.7271,47.81921,-167.8353
38.06667,1.34739,4.1909,-388.5547,52.6164,-175.4174
38.1,1.36135,12.64931,-397.7031,57.94504,-184.607
38.13333,1.37327,20.75306,-408.337,63.63623,-194.0651
38.16667,1.38325,29.33644,-418.9863,69.95176,-204.9755
38.2,1.39299,37.93471,-430.5462,76.52744,-215.7939
38.23333,1.40059,46.12598,-441.5457,82.97856,-227.1245
38.26667,1.40518,54.01521,-452.15,89.85693,-237.7187
38.3,1.40886,60.96283,-463.3192,95.9825,-248.9543
38.33333,1.41224,67.00932,-473.4652,101.3301,-258.8191
38.36667,1.41332,72.95421,-483.2446,106.844,-269.8141
38.4,1.41199,78.18173,-491.4871,112.2442,-278.8037
38.43333,1.4081,81.95314,-499.2952,116.8806,-286.5186
38.46667,1.40143,84.85038,-506.2018,121.1098,-294.1586
38.5,1.39409,86.40539,-511.4231,124.144,-300.0835
38.53333,1.38634,87.02069,-515.541,126.3,-305.0156
38.56667,1.37546,86.35475,-518.1278,127.8521,-308.3975
38.6,1.36304,84.4602,-518.7779,128.4749,-309.9763
38.63333,1.35099,81.80356,-518.559,128.394,-310.0215
38.66667,1.33421,77.16271,-516.5077,127.2281,-308.8554
38.7,1.31582,71.83088,-513.1495,125.7751,-306.1858
38.73333,1.29655,65.26648,-508.242,123.3102,-301.9288
38.76667,1.27847,58.19235,-501.5457,119.9098,-296.4697
38.8,1.25467,49.67417,-493.7436,116.3142,-290.0112
38.83333,1.22955,40.53503,-484.4878,112.4037,-282.1193
38.86667,1.20432,30.93262,-474.2925,108.0091,-273.4739
38.9,1.17638,21.17246,-463.212,103.8811,-264.5003
38.93333,1.14572,10.85015,-451.5498,99.88133,-254.8726
38.96667,1.11346,0.26281,-438.9695,95.7788,-244.8839
39,1.08187,-10.34949,-426.0452,91.24615,-235.0776
39.03333,1.05165,-19.92916,-413.2616,87.31703,-225.5814
39.06667,1.01487,-29.43995,-400.011,84.7813,-216.1653
39.1,0.97726,-38.87472,-386.944,81.90052,-207.934
39.13333,0.93688,-48.126,-374.3564,79.96422,-200.1138
39.16667,0.89619,-56.70708,-362.6507,78.43639,-193.6731
39.2,0.85513,-63.86643,-351.4294,77.9332,-188.3334
39.23333,0.81216,-70.219,-341.0901,78.32323,-184.3753
39.26667,0.76702,-75.85784,-331.7049,79.5933,-181.865
39.3,0.72246,-80.1991,-323.8826,81.86037,-181.0382
39.33333,0.67371,-83.67601,-316.5306,85.00675,-181.8698
39.36667,0.62656,-85.51819,-310.8089,89.13517,-184.3838
39.4,0.58039,-86.18863,-306.6117,94.1741,-188.3428
39.43333,0.52984,-85.82579,-303.9541,100.1122,-195.0497
39.46667,0.48131,-84.37357,-302.4286,106.609,-202.6819
39.5,0.42803,-82.06354,-302.1643,113.7455,-212.8294
39.53333,0.376,-78.49157,-303.0683,121.6432,-224.0576
39.56667,0.32361,-73.9047,-304.9516,130.1205,-236.5205
39.6,0.2701,-68.42466,-307.8221,138.5532,-250.5176
39.63333,0.22203,-62.48893,-312.2614,146.8475,-265.004
39.66667,0.16631,-56.09474,-316.4093,155.5117,-280.889
39.7,0.11387,-49.22488,-321.6854,163.9918,-297.3011
39.73333,0.05794,-41.72558,-327.0902,171.8213,-314.7027
39.76667,0.00957,-34.10974,-333.2768,179.1648,-331.2359
39.8,-0.04241,-26.43007,-338.6363,186.5568,-347.6744
39.83333,-0.09506,-18.94155,-344.3038,192.4418,-364.4591
39.86667,-0.14586,-11.19424,-349.5524,197.7056,-380.2397
39.9,-0.1939,-4.24591,-354.5154,201.91,-394.997
39.93333,-0.24709,1.9872,-357.9744,205.8717,-409.4031
39.96667,-0.29726,7.97037,-360.9958,208.5463,-422.44
40,-0.3464,13.5666,-363.2833,210.0578,-434.2079
40.03333,-0.39399,17.77525,-364.1478,210.2742,-444.1746
40.06667,-0.44182,21.50393,-363.9391,209.9567,-453.0787
40.1,-0.48827,24.26076,-362.6002,208.4285,-460.4232
40.13333,-0.5388,26.40645,-359.5488,205.1486,-466.4002
40.16667,-0.58383,27.33083,-355.3552,201.6157,-470.4967
40.2,-0.63134,27.65695,-349.4315,196.1965,-472.6623
40.23333,-0.67183,26.69638,-343.0375,190.549,-473.3404
40.26667,-0.71598,25.19164,-334.7818,183.2661,-472.3035
40.3,-0.75557,22.7406,-325.5516,175.917,-469.8523
40.33333,-0.79436,19.67146,-315.0317,167.9882,-466.0318
40.36667,-0.83112,15.74832,-304.0622,158.6365,-460.6536
40.4,-0.86853,11.64663,-291.9609,149.1504,-454.4629
40.43333,-0.90405,7.40384,-279.1332,139.3358,-446.7777
40.46667,-0.9361,2.27585,-266.2667,129.6225,-439.2147
40.5,-0.96606,-2.75039,-253.0296,119.5166,-429.9421
40.53333,-0.99679,-7.31672,-239.8037,109.6152,-420.6348
40.56667,-1.02327,-12.2796,-227.0971,99.97055,-411.2029
40.6,-1.04756,-16.92901,-214.5906,90.9745,-401.6414
40.63333,-1.07219,-20.92415,-202.4102,82.84504,-392.9888
40.66667,-1.09332,-24.64097,-191.6181,75.01323,-384.22
40.7,-1.11357,-27.75579,-181.4453,68.06656,-376.2074
40.73333,-1.13151,-30.21836,-172.4473,62.31,-369.3529
40.76667,-1.1467,-32.30782,-164.8542,57.42258,-363.596
40.8,-1.16017,-32.96343,-158.4077,53.97174,-358.0886
40.83333,-1.17164,-33.12916,-154.2621,51.53709,-354.9904
40.86667,-1.18291,-32.47027,-150.7101,50.01403,-352.5891
40.9,-1.18974,-30.80492,-149.4282,50.45201,-352.249
40.93333,-1.19754,-28.27767,-149.3526,51.36295,-352.7196
40.96667,-1.20034,-25.04738,-151.4331,53.88403,-354.6635
41,-1.2011,-21.47382,-154.8421,57.44061,-358.4846
41.03333,-1.20063,-16.96879,-159.7489,61.97217,-363.1753
41.06667,-1.19729,-11.52971,-166.2433,67.96661,-369.088
41.1,-1.19271,-6.05356,-174.067,74.33806,-376.467
41.13333,-1.18914,0.12658,-183.0587,81.084,-384.7818
41.16667,-1.18022,6.33608,-193.237,88.93614,-393.8564
41.2,-1.17066,12.78524,-204.1493,97.11418,-403.5316
41.23333,-1.15824,19.07835,-215.294,105.7283,-413.2719
41.26667,-1.14709,25.5781,-227.1441,114.2641,-423.778
41.3,-1.13165,31.66643,-239.1644,123.2211,-434.0694
41.33333,-1.11241,36.72851,-251.7047,131.4562,-443.6802
41.36667,-1.09203,41.50915,-263.9869,139.9481,-453.6398
41.4,-1.06876,45.80128,-275.6412,148.1523,-462.0889
41.43333,-1.0452,49.09106,-286.9467,155.5554,-470.5019
41.46667,-1.02101,52.03059,-297.3848,162.417,-477.516
41.5,-0.99367,53.89864,-307.3436,168.3753,-483.171
41.53333,-0.96428,54.19044,-315.8921,173.7536,-488.2373
41.56667,-0.93015,53.76363,-323.5184,178.7295,-491.135
41.6,-0.89929,52.26259,-329.4684,182.134,-492.8884
41.63333,-0.86174,49.40062,-334.6852,185.2136,-492.9964
41.66667,-0.82458,45.4169,-338.0483,187.1607,-491.3601
41.7,-0.78611,40.70897,-340.4853,188.3607,-488.3464
41.73333,-0.74536,34.64249,-341.4138,188.45,-483.3728
41.76667,-0.70476,27.83771,-340.9308,187.6748,-476.8668
41.8,-0.6638,20.36075,-339.3032,186.0932,-468.9401
41.83333,-0.62007,12.01548,-336.3733,183.8729,-459.0814
41.86667,-0.57651,2.99607,-332.6715,181.0051,-448.4117
41.9,-0.53192,-6.13672,-327.8211,177.1551,-435.6892
41.93333,-0.48404,-15.92961,-322.7453,172.967,-422.059
41.96667,-0.43921,-25.67116,-316.6785,168.2188,-407.772
42,-0.39117,-35.52877,-310.6591,162.6768,-392.4048
42.03333,-0.34167,-45.22542,-303.9423,157.1187,-375.8994
42.06667,-0.29128,-54.80566,-297.4925,151.4148,-359.3183
42.1,-0.24035,-63.57105,-291.5435,145.674,-342.8269
42.13333,-0.18965,-71.87688,-285.4725,139.9177,-326.1287
42.16667,-0.14018,-79.1955,-279.9662,134.9651,-310.1846
42.2,-0.08709,-85.70147,-275.626,129.3215,-294.3992
42.23333,-0.03319,-91.20628,-272.1328,124.6219,-279.2991
42.26667,0.0219,-95.48369,-269.9396,119.5964,-265.2292
42.3,0.07378,-98.41591,-268.8774,115.9734,-253.0305
42.33333,0.12797,-100.3292,-269.1599,113.1295,-241.6943
42.36667,0.18087,-101.0339,-270.6632,110.5097,-231.9775
42.4,0.23597,-100.5803,-274.0223,108.3372,-223.788
42.43333,0.28919,-98.8133,-278.2969,106.8304,-217.1126
42.46667,0.34294,-95.65008,-284.2816,106.4694,-212.1152
42.5,0.39566,-90.8233,-291.8573,107.3158,-209.0973
42.53333,0.44678,-85.31361,-300.5065,108.5596,-207.6236
42.56667,0.49905,-78.05443,-310.6822,110.4852,-207.9144
42.6,0.54755,-70.47206,-321.9515,113.3661,-209.8586
42.63333,0.59567,-61.97907,-334.032,116.0983,-213.3311
42.66667,0.64147,-52.60328,-346.6012,120.026,-217.6766
42.7,0.68859,-42.70205,-360.446,123.3899,-223.7576
42.73333,0.73259,-32.53197,-374.8735,127.6177,-230.8049
42.76667,0.77722,-22.18535,-389.1409,131.4407,-238.0061
42.8,0.81915,-12.01719,-403.6147,135.2147,-246.0941
42.83333,0.85516,-2.02735,-417.3,138.8317,-255.2768
42.86667,0.89603,8.02795,-431.0307,141.5845,-264.0942
42.9,0.93517,17.8446,-444.7857,144.6541,-272.9039
42.93333,0.97068,26.89915,-457.3777,147.3345,-281.3827
42.96667,1.00777,35.36923,-469.298,149.3166,-288.7665
43,1.04198,43.46884,-479.5379,150.8314,-295.8026
43.03333,1.07308,50.16452,-488.5904,151.0866,-302.8478
43.06667,1.10303,55.67027,-496.6352,150.9013,-308.1168
43.1,1.13086,60.48571,-503.3412,150.1018,-312.9542
43.13333,1.16124,64.53988,-508.1292,148.1432,-315.5418
43.16667,1.18855,67.49082,-511.6948,145.83,-316.8306
43.2,1.21657,69.49304,-514.1363,142.4239,-316.9351
43.23333,1.24188,70.32696,-514.5082,138.0406,-316.1161
43.26667,1.26547,70.0415,-513.3121,133.0782,-313.3131
43.3,1.28949,68.81,-510.9066,127.0951,-309.2088
43.33333,1.30999,66.03462,-506.6408,120.4767,-302.6533
43.36667,1.33091,62.72077,-501.4606,113.0348,-295.7606
43.4,1.34683,58.26254,-494.4847,105.2882,-288.0426
43.43333,1.36189,53.11248,-486.4132,97.10601,-278.8951
43.46667,1.37575,47.71919,-477.5263,88.91329,-269.0094
43.5,1.38868,41.15483,-467.7113,80.24498,-255.4409
43.53333,1.39939,34.68895,-457.552,71.59305,-244.3603
43.56667,1.40653,27.88209,-446.6208,63.3052,-232.9182
43.6,1.41348,21.11267,-435.6474,55.16677,-220.9724
43.63333,1.41874,15.00879,-424.8598,47.99359,-209.6068
43.66667,1.42052,8.32745,-414.1851,40.94274,-198.7788
43.7,1.42044,2.25213,-404.139,34.96576,-188.2042
43.73333,1.41857,-3.3323,-394.2681,29.78818,-178.3779
43.76667,1.41043,-9.29662,-385.2603,25.63101,-169.3286
43.8,1.40457,-14.227,-377.145,22.09453,-160.6575
43.83333,1.39346,-18.66126,-370.6177,20.13577,-154.1426
43.86667,1.38041,-22.23571,-364.9054,19.34859,-149.1249
43.9,1.36539,-24.89166,-360.3587,19.73804,-146.146
43.93333,1.34837,-26.85879,-357.223,21.2723,-144.4141
43.96667,1.32997,-27.80013,-355.7081,24.29487,-143.5903
44,1.31106,-27.64496,-356.2667,28.55666,-144.7728
44.03333,1.28688,-27.11574,-357.2099,33.97531,-147.8513
44.06667,1.26425,-25.6466,-360.3652,40.32891,-151.93
44.1,1.23793,-23.19866,-364.8734,48.11693,-158.5977
44.13333,1.20878,-20.66848,-370.088,56.67879,-165.8494
44.16667,1.17956,-17.16893,-376.5362,66.05959,-174.7703
44.2,1.14892,-13.27695,-383.7523,76.03707,-184.7552
44.23333,1.11319,-9.45978,-391.7954,86.88708,-196.1579
44.26667,1.07549,-5.59749,-400.1073,97.8748,-208.5706
44.3,1.03468,-1.82899,-408.1988,109.008,-221.6574
44.33333,0.99516,2.36947,-416.6629,120.0788,-235.2782
44.36667,0.95575,6.14131,-425.5285,130.8146,-249.0498
44.4,0.91385,9.68335,-433.45,141.3383,-262.7419
44.43333,0.87117,13.17145,-441.1107,151.6049,-276.6334
44.46667,0.82626,16.20844,-447.8971,161.4576,-290.2653
44.5,0.78249,18.65013,-454.114,170.1213,-303.5205
44.53333,0.734,19.54811,-458.3529,177.6152,-315.7518
44.56667,0.69059,20.19424,-462.6532,184.3402,-327.0152
44.6,0.64497,20.58163,-465.0212,190.5757,-337.1358
44.63333,0.59519,19.98357,-465.6592,195.6417,-346.7207
44.66667,0.54738,18.97396,-465.3501,199.9809,-355.0265
44.7,0.49651,17.13316,-462.8917,202.9406,-362.2245
44.73333,0.44697,13.97279,-458.9549,205.0396,-367.3721
44.76667,0.39675,10.62123,-453.3911,205.672,-371.6713
44.8,0.34625,6.09512,-446.1525,204.9036,-374.4262
44.83333,0.29694,1.39741,-437.3956,203.4561,-375.5675
44.86667,0.24584,-4.452,-426.6374,200.9137,-375.1078
44.9,0.1941,-10.69883,-415.2471,197.2655,-374.366
44.93333,0.14065,-17.56731,-402.0878,192.8897,-372.2905
44.96667,0.09063,-24.37221,-387.7956,187.4922,-368.541
45,0.03976,-31.37122,-372.8942,181.593,-364.423
45.03333,-0.01474,-38.55128,-356.7708,175.2347,-359.922
45.06667,-0.06593,-45.5346,-340.2621,167.7778,-354.3459
45.1,-0.1166,-52.19372,-323.4944,160.5908,-348.418
45.13333,-0.17175,-58.75137,-306.4331,153.0382,-343.1703
45.16667,-0.21844,-64.53816,-289.9888,145.0194,-336.507
45.2,-0.26977,-69.72518,-274.1696,138.2951,-331.6895
45.23333,-0.31682,-74.3623,-258.7586,130.6763,-325.9838
45.26667,-0.36519,-77.82961,-244.1673,123.7068,-321.2221
45.3,-0.41194,-80.43339,-230.7187,117.4386,-317.1765
45.33333,-0.4588,-82.32022,-218.4604,111.4704,-314.1847
45.36667,-0.50542,-82.86499,-207.4572,106.2581,-312.11
45.4,-0.54951,-82.452,-198.4345,101.834,-311.2973
45.43333,-0.5928,-80.74604,-190.9157,98.57498,-311.7088
45.46667,-0.6368,-77.87351,-185.2322,95.89366,-313.7481
45.5,-0.676,-74.10351,-181.1499,94.41082,-316.3085
45.53333,-0.71594,-69.40101,-178.7118,93.64133,-320.5441
45.56667,-0.75666,-63.44746,-178.015,93.8424,-326.5156
45.6,-0.79327,-56.66688,-179.1246,95.25365,-333.4567
45.63333,-0.83007,-49.15126,-182.0645,96.9355,-341.8234
45.66667,-0.86527,-40.83879,-186.1264,99.27195,-350.6196
45.7,-0.8988,-31.93804,-191.9355,102.8175,-361.3294
45.73333,-0.93247,-22.36007,-199.0084,106.2324,-372.3281
45.76667,-0.96344,-12.44137,-206.8483,110.3353,-383.5093
45.8,-0.99151,-2.595,-215.8908,114.5678,-394.9978
45.83333,-1.01961,7.57142,-225.7058,119.5292,-407.8267
45.86667,-1.04367,17.45132,-235.6027,124.9974,-420.3691
45.9,-1.06727,27.0168,-245.8905,129.9166,-432.6775
45.93333,-1.09206,36.40208,-256.061,134.5272,-445.1249
45.96667,-1.11182,44.92213,-266.3324,139.0355,-456.7763
46,-1.13116,52.77798,-275.9927,143.1662,-468.1685
46.03333,-1.14674,60.12969,-285.3265,147.1359,-478.0519
46.06667,-1.16216,66.44534,-293.7726,150.1721,-487.1299
46.1,-1.1752,71.64043,-301.1868,152.6442,-495.1575
46.13333,-1.18547,75.46546,-307.0534,154.507,-501.929
46.16667,-1.192,78.35368,-312.1039,155.8928,-506.9165
46.2,-1.19795,79.9003,-315.6189,156.4608,-511.3534
46.23333,-1.20255,80.58132,-317.4085,156.1616,-513.2895
46.26667,-1.20307,79.94433,-318.3253,155.4101,-514.2143
